f1,f2,f3,f4,label
81,14,3,94,1
28,17,94,13,0
69,11,75,54,1
11,27,29,64,0
71,25,91,83,1
53,28,57,75,1
0,97,20,89,1
35,19,27,97,1
11,48,12,45,0
77,33,5,93,1
15,48,10,70,0
80,79,46,73,1
8,5,84,29,0
10,29,12,48,0
81,46,20,47,1
85,34,89,87,1
77,81,21,68,1
20,59,48,34,0
81,88,71,28,1
98,99,7,29,0
40,51,34,8,0
72,91,40,27,1
50,82,58,18,1
31,95,71,68,1
74,54,74,51,1
17,65,63,11,0
14,19,80,20,0
54,76,8,49,1
59,67,32,70,0
1,87,92,14,0
68,96,34,98,1
14,37,55,20,0
92,92,33,64,1
64,13,80,38,0
64,77,25,19,1
20,69,99,67,0
76,41,62,2,1
46,39,30,7,0
72,10,10,93,0
8,97,68,98,1
84,60,70,21,1
77,54,27,69,0
88,25,91,39,1
85,83,47,56,0
57,15,31,28,1
2,75,70,29,0
0,9,90,80,1
8,4,42,9,0
35,85,62,27,1
92,73,73,60,1
60,52,24,12,1
55,45,54,52,1
93,6,86,83,0
12,7,51,93,0
13,31,24,24,0
17,54,23,35,0
9,56,70,12,1
69,1,11,96,0
21,52,62,61,1
51,7,21,48,1
49,33,100,100,1
54,89,93,100,1
91,62,19,24,1
7,74,94,69,1
40,7,6,74,0
67,20,7,65,1
23,8,76,8,0
30,51,15,72,1
76,5,79,10,0
74,72,66,40,0
26,85,91,40,1
50,16,85,82,1
40,96,9,1,0
72,12,9,68,1
33,16,44,8,0
47,36,20,56,0
90,38,78,83,1
85,70,38,84,1
17,33,14,13,0
19,34,36,77,1
43,26,87,81,0
64,62,32,6,1
54,35,5,0,0
16,81,33,20,0
70,90,54,71,1
9,88,19,69,1
47,74,70,18,1
5,39,46,5,0
26,87,31,85,1
99,71,52,79,1
30,20,22,52,1
94,42,100,52,1
94,31,34,20,0
13,48,4,60,0
58,44,39,29,1
84,24,51,42,1
8,98,35,44,0
51,86,68,42,0
14,33,22,74,0
33,4,13,76,0
93,100,40,55,1
65,14,49,73,1
5,90,55,0,0
68,87,92,94,1
25,46,55,8,0
42,79,40,84,0
92,38,64,39,1
41,51,89,37,1
24,53,85,48,0
22,78,72,38,1
0,38,36,26,0
74,77,83,41,1
56,86,27,65,1
94,21,84,10,1
84,81,79,42,1
96,30,86,39,1
25,18,3,5,0
60,78,98,9,1
80,73,24,91,1
63,51,31,18,0
0,96,98,13,0
28,22,89,66,1
71,31,15,58,1
59,85,67,71,1
96,56,78,92,1
54,70,57,20,0
60,57,33,96,1
81,35,98,99,1
80,30,35,56,1
36,30,34,42,0
69,10,17,19,0
88,19,90,27,1
52,42,69,59,1
26,53,49,98,1
89,2,97,73,1
0,45,38,96,0
53,68,95,94,1
77,28,62,28,1
62,3,49,43,0
51,92,21,59,0
79,68,3,50,0
84,3,10,82,0
59,23,6,33,0
27,58,41,43,0
48,35,96,53,1
10,60,2,95,0
44,28,83,8,0
83,5,96,3,0
25,2,79,19,0
60,85,14,72,0
59,89,32,98,1
77,77,95,91,1
20,39,13,74,1
39,73,86,48,1
91,25,9,75,0
80,31,13,89,0
87,76,15,72,0
44,68,54,84,1
64,82,43,1,0
62,13,55,46,0
58,90,19,55,1
66,83,34,78,1
68,99,61,59,1
93,75,34,41,0
11,35,57,31,0
72,78,85,48,1
63,41,23,62,1
33,43,35,76,0
35,71,1,66,0
10,30,92,52,0
97,30,88,60,1
62,57,2,11,0
51,88,31,39,0
47,60,70,67,1
95,70,42,45,1
34,39,32,29,1
24,40,15,95,0
97,88,23,24,1
61,35,92,75,0
67,76,36,12,0
37,29,46,22,0
90,68,16,35,1
6,70,37,89,0
81,96,62,13,0
73,36,60,61,1
23,6,32,61,1
8,51,62,9,0
87,6,19,19,0
38,10,31,15,0
53,77,76,79,1
66,48,57,56,1
75,54,39,72,1
78,94,12,97,1
27,33,84,10,1
22,70,9,20,1
57,88,76,60,1
29,36,90,36,0
58,9,87,29,0
100,80,75,84,1
25,54,14,69,1
19,34,18,9,0
39,76,95,72,0
56,15,59,88,1
51,34,64,69,1
10,76,5,55,0
77,32,3,11,0
86,73,75,2,0
86,34,73,5,0
22,60,66,83,1
35,23,74,55,0
62,11,60,44,0
41,85,13,20,0
88,63,36,84,0
97,70,4,58,1
32,41,14,98,1
65,0,84,69,1
6,24,66,46,0
63,80,56,97,1
34,70,16,36,0
89,62,15,3,0
77,30,90,20,1
1,70,52,11,0
14,59,15,82,0
63,91,37,65,1
53,61,60,31,1
18,49,24,76,0
17,8,35,98,0
53,43,100,64,1
0,36,92,38,0
74,84,62,19,1
61,44,42,70,0
48,58,41,24,0
30,73,49,29,0
52,5,40,95,0
48,49,84,83,0
63,4,16,64,0
42,12,56,12,0
58,1,92,18,0
83,19,9,60,0
33,43,79,88,1
10,42,86,68,1
40,80,91,97,1
69,4,79,8,1
87,36,29,95,1
12,97,81,90,1
56,21,88,38,0
5,41,7,37,0
55,18,31,67,0
87,23,21,22,1
48,79,87,30,1
74,18,29,59,0
58,32,85,1,0
59,36,86,69,1
56,44,75,38,0
54,88,32,58,0
25,49,61,13,0
73,45,73,37,0
37,2,84,50,1
72,87,99,95,1
77,95,63,36,1
29,77,45,28,0
79,32,86,96,1
84,87,17,80,1
80,82,5,39,0
4,74,46,93,1
37,41,95,53,1
16,100,69,46,1
34,21,32,61,0
37,95,43,14,0
9,18,96,28,0
92,86,50,71,1
50,1,33,68,1
47,86,95,86,1
48,81,47,13,0
60,3,79,71,1
78,28,82,8,0
59,89,38,83,1
17,5,4,38,0
14,12,30,68,0
58,47,85,95,1
69,53,75,95,1
53,83,12,62,0
35,4,88,47,1
56,30,46,12,0
47,69,82,45,1
35,24,15,58,1
27,82,81,76,0
6,100,42,31,0
100,72,26,8,0
70,26,75,27,0
29,42,99,18,0
76,0,35,18,0
69,32,22,14,0
3,16,1,45,0
30,75,41,2,1
6,16,94,53,0
95,8,60,57,0
65,75,13,57,1
78,5,93,100,0
84,66,38,58,1
3,7,61,51,0
13,62,91,56,1
10,41,77,18,1
35,79,81,74,1
41,48,76,67,1
64,77,55,12,0
14,83,83,98,1
27,55,57,29,0
58,51,53,93,1
54,40,85,32,1
19,87,60,8,1
10,11,55,12,0
47,16,71,7,0
71,71,42,85,1
45,85,96,54,1
92,6,36,76,1
13,73,64,27,1
61,28,13,44,0
47,14,97,35,0
54,71,98,79,1
82,71,3,77,0
88,34,3,23,0
97,39,43,44,1
18,72,84,51,1
94,81,3,11,0
27,48,53,58,1
47,39,92,41,0
72,76,10,6,1
96,79,6,86,1
56,84,54,62,1
53,34,27,96,1
44,55,14,36,0
75,62,67,85,1
28,50,76,7,1
38,27,98,17,0
37,41,15,0,0
55,22,16,48,0
29,64,71,85,0
9,50,94,5,0
58,9,40,73,0
51,90,81,53,1
51,2,41,21,0
79,58,88,46,1
13,31,55,75,0
10,50,39,95,1
42,99,21,9,0
14,67,65,24,0
44,44,93,82,1
30,13,18,32,0
77,19,97,97,1
22,98,80,63,1
72,97,74,57,1
72,82,81,79,1
80,40,19,56,1
56,80,38,35,0
45,64,9,39,0
4,7,47,36,0
11,78,76,64,1
74,70,94,5,1
73,83,24,41,1
64,19,7,57,1
43,91,10,64,0
5,31,90,56,0
67,66,78,20,1
36,49,52,99,1
76,6,80,82,1
42,12,71,86,1
32,92,84,77,1
42,10,74,84,1
44,39,83,89,1
16,76,90,10,1
48,82,42,16,0
94,87,67,11,1
54,65,46,2,0
23,27,43,98,0
28,17,19,9,0
100,12,64,98,1
94,67,4,84,1
98,79,16,76,1
20,23,88,98,1
21,92,56,5,0
86,92,30,56,1
96,95,100,57,1
30,39,100,60,0
24,47,86,73,0
59,98,36,99,1
67,53,20,25,0
17,32,6,82,0
47,70,13,91,0
15,36,10,97,1
57,65,18,55,1
28,57,44,3,0
50,64,47,30,1
10,47,28,3,0
12,91,83,42,0
17,4,36,60,0
17,97,90,60,1
0,10,2,32,0
19,70,93,77,1
14,99,36,30,1
6,30,53,81,0
58,8,14,63,0
2,80,65,73,1
18,37,54,0,0
30,73,53,23,0
10,67,46,8,0
69,64,100,64,1
49,60,5,81,1
47,32,95,2,0
8,44,30,93,0
13,98,74,94,1
17,5,45,69,0
82,22,99,87,1
89,61,80,23,0
8,91,99,58,1
25,5,25,5,0
39,65,50,69,1
4,96,82,24,1
99,6,83,42,1
47,55,51,95,1
49,43,23,63,0
47,66,34,10,0
10,55,77,23,0
41,13,10,41,0
39,57,77,91,1
88,56,44,57,1
45,78,55,35,0
7,9,85,81,0
65,95,86,20,0
18,77,86,100,1
16,8,30,99,0
46,49,72,4,0
86,57,47,47,1
9,73,17,67,0
40,83,35,31,0
3,94,23,63,0
71,15,33,99,1
57,27,78,36,0
62,25,15,17,0
57,22,91,56,0
87,40,85,44,1
70,69,37,38,0
91,90,89,81,1
46,65,28,15,0
17,30,63,3,0
73,47,59,70,1
11,8,39,50,0
92,61,67,52,1
73,9,16,40,0
57,59,87,66,1
99,70,81,75,1
16,55,64,7,0
66,19,38,21,1
90,28,44,66,0
10,32,25,81,0
35,16,80,38,0
11,64,82,21,0
74,19,21,84,0
77,43,72,5,0
3,10,5,82,0
33,83,26,98,1
79,81,3,63,0
69,37,82,38,1
87,51,38,58,1
7,20,56,53,0
26,43,77,18,0
91,40,93,44,0
16,97,47,65,1
40,30,59,15,0
31,18,12,6,0
49,78,53,31,0
20,41,73,92,1
97,20,63,65,1
39,63,2,11,0
64,58,30,27,0
6,6,36,63,0
83,86,60,36,1
13,55,17,33,0
97,51,46,5,1
72,71,24,46,1
9,49,64,57,0
35,79,87,78,1
12,50,47,43,0
46,96,18,25,0
51,64,5,5,1
91,42,60,66,1
77,65,17,41,0
40,20,50,78,0
38,75,43,64,0
68,62,90,72,1
2,47,42,86,1
53,74,39,92,0
80,3,76,60,1
83,100,99,74,1
92,6,74,61,1
80,92,79,99,1
18,87,31,4,0
89,14,24,2,0
53,19,52,88,1
64,99,78,60,1
94,93,7,90,1
26,71,41,84,1
48,40,22,58,0
43,69,45,86,0
92,87,82,88,1
61,24,31,35,0
28,38,98,36,0
88,90,62,40,1
71,92,35,36,1
86,69,48,50,0
98,18,37,5,0
91,10,44,56,0
95,61,27,25,0
34,71,89,34,1
78,94,75,30,1
85,67,28,81,1
12,52,42,91,1
87,98,17,0,0
20,52,83,60,1
25,96,36,41,1
7,98,11,83,0
68,94,92,4,0
22,53,22,4,0
50,100,63,23,0
37,4,1,38,0
13,42,36,58,0
69,67,63,17,0
59,34,24,14,0
93,58,82,32,1
1,94,43,37,0
96,24,22,78,0
51,54,65,41,1
85,12,23,17,0
31,0,33,49,0
96,34,42,38,0
73,1,33,83,1
30,7,85,15,0
20,51,87,64,0
90,98,39,88,1
37,47,78,28,1
17,61,19,58,0
77,47,53,89,1
60,96,68,85,1
97,31,87,96,1
100,10,67,57,1
46,9,72,14,1
70,64,25,73,1
21,41,66,56,1
26,91,74,62,1
65,57,7,58,1
53,58,72,7,0
86,39,92,2,1
0,95,27,74,1
54,44,89,8,0
7,8,60,4,0
23,98,17,98,1
93,82,53,47,0
48,57,48,48,1
84,69,17,83,0
15,22,68,50,0
93,28,0,96,1
38,59,86,92,1
68,48,29,31,0
19,35,24,92,0
4,84,53,78,0
2,30,26,8,0
4,57,76,86,0
6,31,94,5,0
29,69,27,96,0
7,17,64,37,0
93,73,40,73,1
86,41,30,38,0
84,66,28,52,1
7,71,75,94,0
80,86,54,71,1
44,82,85,48,1
40,89,53,52,1
48,23,96,68,1
28,38,90,18,0
7,71,52,53,0
17,49,31,32,0
82,10,57,47,1
92,24,6,34,0
77,77,5,9,1
97,75,92,85,1
61,26,42,38,0
1,27,24,94,1
96,61,31,89,1
26,50,30,70,1
36,48,59,68,0
39,33,46,65,0
59,12,92,60,0
40,26,47,40,0
72,28,94,18,1
70,74,74,92,1
19,25,42,29,0
31,63,70,83,0
43,32,97,62,0
82,94,62,58,1
45,21,17,92,0
23,69,82,7,0
9,85,6,97,1
17,80,29,8,0
1,27,64,58,0
79,81,85,78,1
84,62,2,0,0
52,1,2,67,0
68,36,2,64,0
86,55,22,13,0
67,19,30,24,0
32,45,34,50,1
51,58,72,31,0
28,38,87,10,0
83,97,4,11,1
48,70,60,7,0
89,21,10,63,0
82,100,42,72,0
12,67,5,29,0
88,72,60,34,1
9,87,35,69,0
4,22,40,2,0
75,18,96,91,1
9,38,20,72,0
49,86,69,42,1
94,17,88,92,1
95,44,6,12,0
9,43,77,98,1
76,50,99,41,1
34,100,57,62,1
70,48,55,23,0
84,48,10,98,1
31,91,9,10,0
48,91,100,81,1
49,40,46,13,1
39,56,46,97,1
16,11,23,55,0
71,65,52,13,1
45,70,11,76,0
41,49,1,37,0
99,10,92,71,0
31,73,66,21,0
21,17,34,38,0
18,8,21,55,0
38,61,100,9,1
31,92,80,63,1
25,58,13,17,0
50,42,79,48,0
42,56,42,55,0
83,76,17,38,1
88,25,61,40,1
50,40,37,94,0
62,73,100,31,1
35,100,50,46,1
72,25,75,69,1
98,70,3,93,1
90,26,56,37,0
8,52,86,63,1
38,30,32,84,1
54,48,9,57,0
61,74,51,68,1
88,53,69,4,0
46,89,68,76,1
10,13,98,31,0
45,21,82,78,1
82,86,82,51,0
42,55,13,1,0
28,65,95,66,1
88,73,28,57,1
59,98,86,75,1
19,44,3,61,1
53,10,14,93,1
39,43,58,100,1
61,44,60,12,0
89,57,40,8,1
90,14,2,43,0
86,21,94,31,1
70,20,42,71,1
59,29,51,80,1
81,84,55,50,1
78,25,57,75,1
0,90,27,26,0
90,8,73,13,0
68,23,46,41,1
14,33,85,62,0
81,40,76,49,1
75,14,44,45,0
79,22,86,90,1
78,75,10,86,1
15,30,39,14,0
88,18,65,49,1
17,73,49,54,1
81,68,88,82,1
22,71,21,62,1
23,40,57,79,1
45,1,62,17,0
49,71,64,83,1
87,62,53,90,1
62,21,10,72,1
97,28,37,4,1
68,36,21,99,1
95,98,98,63,1
14,73,14,34,0
46,69,96,5,0
56,69,27,54,1
83,96,31,38,0
4,57,33,44,0
11,56,15,99,0
26,94,75,88,1
90,78,80,54,1
17,100,26,26,0
72,44,68,35,1
21,41,90,37,1
34,65,86,12,1
96,100,52,7,0
83,16,89,16,1
91,41,31,97,0
50,62,18,73,0
80,53,48,57,1
98,11,51,65,0
88,47,58,62,1
0,99,93,11,0
58,81,85,89,1
8,68,50,27,0
27,63,34,41,0
43,70,73,16,0
62,100,43,87,1
5,12,80,100,0
2,15,20,56,0
54,25,88,16,0
38,20,35,11,0
32,10,47,85,0
21,6,50,80,0
89,96,29,54,1
90,12,0,27,0
16,75,28,66,0
1,1,89,43,0
54,88,16,61,1
49,11,93,13,1
47,38,17,48,0
96,17,82,86,1
67,72,1,78,0
56,44,92,27,0
19,52,78,87,1
27,11,12,17,0
75,93,49,44,0
40,17,31,35,0
31,70,76,76,1
36,99,88,3,0
84,38,26,66,0
24,95,50,37,0
100,30,63,49,1
63,81,76,9,1
1,46,40,16,0
72,53,46,69,1
97,60,98,9,1
8,1,33,27,0
7,50,64,36,0
64,98,53,54,1
10,81,68,68,1
35,10,39,10,0
26,19,68,41,0
81,97,83,87,1
39,89,55,93,0
30,7,31,11,0
14,58,78,77,1
85,94,84,94,1
1,90,17,89,1
63,44,66,66,0
92,33,21,47,1
99,34,93,15,0
3,42,54,34,0
33,91,73,80,1
58,65,46,7,0
72,21,47,20,1
13,73,86,92,1
94,65,0,5,0
1,31,5,60,0
19,22,4,70,0
91,94,83,53,1
31,53,92,40,1
9,73,47,15,0
6,22,28,66,0
51,8,59,36,0
39,41,11,70,0
47,25,37,72,0
94,79,31,59,1
63,98,99,25,1
69,97,31,19,1
52,3,29,69,0
88,1,42,0,0
48,94,93,39,1
67,30,53,62,0
18,91,35,11,1
29,66,52,89,0
58,95,10,74,1
17,81,50,9,0
7,55,84,16,1
33,40,50,89,0
41,40,57,34,1
25,17,99,98,1
19,13,21,57,0
52,15,68,45,0
26,57,39,59,1
15,11,20,87,0
90,89,77,5,1
41,18,11,91,1
45,50,65,6,0
33,22,3,51,0
71,95,70,31,1
13,17,15,1,0
99,28,16,25,0
47,87,80,82,1
75,33,9,2,0
25,82,56,16,1
42,15,5,59,1
73,55,92,50,1
48,87,54,22,1
23,35,35,57,0
4,78,79,78,1
37,63,52,70,1
11,35,49,17,0
82,67,31,80,0
69,2,48,100,0
61,69,100,62,1
72,64,41,49,1
3,40,76,28,1
99,35,7,60,0
98,74,29,20,1
84,30,34,68,0
94,7,97,28,1
49,45,22,22,0
40,94,89,45,0
3,90,89,45,0
72,18,72,24,0
63,69,39,22,0
11,7,29,77,0
67,61,0,42,0
25,16,43,91,1
41,7,2,18,0
18,99,14,67,0
9,47,90,84,1
12,43,38,41,1
20,93,55,81,0
83,40,22,90,0
88,78,100,45,1
75,22,48,39,0
37,16,22,93,1
89,73,50,98,0
4,23,77,40,0
78,28,81,72,1
63,18,42,95,1
44,40,21,81,0
11,90,85,81,1
42,57,1,33,0
88,8,44,32,0
92,0,6,49,0
53,21,52,63,0
44,69,48,12,0
100,73,83,97,1
20,57,9,4,0
40,33,13,9,0
48,20,93,9,0
11,43,76,78,0
90,3,55,83,1
55,20,6,12,0
24,52,89,70,0
93,69,33,84,1
30,12,6,50,0
62,19,6,46,1
11,37,84,80,0
25,12,3,26,0
37,10,60,14,0
50,60,62,84,1
82,69,49,23,1
48,47,23,57,1
56,59,33,28,0
72,7,19,96,0
12,10,85,44,0
52,96,75,29,1
49,66,53,68,1
60,73,30,60,1
50,91,4,64,0
66,73,86,79,1
96,57,22,21,0
24,16,5,54,0
87,55,25,80,1
76,33,40,93,0
8,11,49,71,0
41,35,66,58,0
1,100,89,79,1
100,53,14,53,1
72,75,74,97,0
12,13,72,99,1
36,68,44,52,1
83,62,73,77,1
22,35,51,18,0
87,88,51,4,1
42,88,30,6,0
34,47,2,43,0
38,39,35,62,0
87,12,29,17,0
95,56,99,41,1
53,77,82,11,1
27,52,94,62,0
47,7,65,20,1
90,64,51,17,0
67,72,3,22,1
25,7,31,4,0
46,90,25,35,1
59,64,50,81,0
87,3,30,47,0
57,22,60,75,1
44,20,33,95,0
11,36,3,49,1
73,99,27,28,1
86,26,34,83,1
2,99,98,87,1
16,82,22,76,0
28,32,77,39,0
90,82,35,54,0
44,58,32,27,0
86,66,79,50,1
0,65,84,47,0
76,77,36,38,0
61,8,43,35,0
35,33,83,91,0
83,38,24,19,0
30,7,76,51,0
87,17,92,3,0
37,33,53,51,0
4,74,90,73,0
43,92,91,28,1
81,100,60,85,1
38,21,84,71,1
12,60,16,94,1
71,97,23,87,0
83,11,28,45,1
39,53,100,42,1
74,37,59,15,0
81,74,74,79,1
24,64,15,87,1
38,52,6,19,0
25,43,52,72,0
58,18,40,91,1
10,62,42,80,0
40,81,7,0,0
26,97,99,21,1
20,62,100,97,1
16,78,55,81,1
54,61,49,0,1
25,93,47,1,0
96,67,24,2,0
80,93,31,28,0
44,39,16,13,0
75,39,21,8,0
38,37,58,93,1
67,43,55,87,0
43,62,45,96,1
51,2,29,28,0
16,27,93,2,0
21,15,46,91,0
4,48,81,32,0
79,6,76,6,0
83,2,6,88,1
56,48,15,70,1
89,19,26,88,0
1,38,53,84,1
66,34,79,77,1
53,13,65,92,1
36,14,100,13,0
77,25,99,33,0
25,45,90,52,1
5,70,63,26,0
61,42,30,0,1
11,14,73,85,0
11,99,65,9,0
12,32,82,29,0
37,33,59,6,1
22,5,37,46,0
40,54,94,14,1
97,5,1,17,0
21,42,45,56,0
34,93,11,47,0
23,14,51,51,0
34,49,88,61,0
83,21,14,16,0
7,20,13,53,0
61,72,86,56,1
48,99,45,78,1
87,93,16,61,0
14,52,56,5,1
83,40,1,90,0
67,98,95,73,1
28,85,43,66,1
89,79,12,55,1
31,61,44,84,0
49,19,71,78,1
82,20,64,60,0
21,9,96,62,1
42,35,6,64,0
82,48,51,30,1
56,73,57,11,0
57,40,15,63,0
2,13,51,52,1
70,0,11,77,0
81,38,65,71,1
85,58,43,46,0
28,58,42,71,0
76,60,91,84,1
57,14,12,97,0
0,43,45,81,0
37,70,66,47,0
5,21,63,17,0
95,92,52,13,1
25,24,15,50,0
100,24,91,43,1
53,5,81,86,1
98,57,58,84,1
64,17,63,0,0
6,70,55,74,1
65,99,22,88,1
93,16,13,49,0
77,41,64,49,1
77,88,97,31,1
43,37,57,17,1
77,89,95,65,1
89,70,40,91,1
70,80,27,25,1
91,37,87,44,0
16,90,83,22,1
88,81,41,90,1
45,71,61,74,1
85,90,53,86,1
68,36,54,1,0
3,48,18,6,0
25,34,96,100,1
36,87,32,18,0
88,100,37,26,1
4,45,57,13,0
86,94,71,28,1
71,49,30,65,0
89,36,88,85,1
48,49,53,100,0
40,70,6,1,0
25,79,99,56,0
81,90,90,82,1
75,69,94,77,1
92,24,37,57,1
87,9,23,22,0
15,48,5,54,0
33,16,20,74,0
0,42,59,90,0
5,19,41,76,1
80,78,84,38,1
73,70,45,9,0
40,67,28,23,0
100,64,20,53,1
51,11,44,28,0
84,42,42,46,1
96,79,67,60,0
96,83,1,14,0
57,30,82,78,0
31,5,87,41,0
14,49,32,69,0
3,66,98,47,1
65,57,62,5,1
83,24,41,65,1
12,21,98,68,0
80,8,26,85,0
27,87,54,13,1
89,94,99,55,1
9,95,87,19,1
91,42,4,11,1
22,32,71,9,0
29,33,52,49,0
51,55,40,2,0
15,68,0,82,0
8,96,95,74,1
9,45,64,13,0
87,38,77,11,1
56,48,50,84,1
20,68,28,17,0
69,37,81,18,1
93,82,47,1,1
71,18,15,5,1
76,50,68,70,0
39,26,95,94,0
44,27,52,82,0
18,20,23,28,0
32,24,14,23,0
72,6,96,70,1
70,9,37,85,1
12,25,92,74,1
42,45,16,85,0
12,36,79,8,0
40,62,57,42,0
39,88,74,19,1
46,40,54,21,1
31,100,28,91,1
55,35,46,17,0
42,61,59,57,1
39,62,70,13,1
77,10,35,17,0
25,33,93,80,1
9,2,64,80,1
74,74,51,98,1
4,70,33,69,0
69,60,83,99,1
50,28,98,75,1
37,17,59,64,0
50,46,64,1,0
78,87,21,96,1
57,20,22,72,0
84,18,94,93,1
45,5,28,97,0
8,33,47,29,1
26,66,46,49,0
58,5,5,83,0
90,66,81,35,1
33,74,69,72,1
83,48,46,75,1
9,66,32,48,0
28,66,51,45,0
44,62,61,77,1
17,56,21,29,1
82,35,27,19,1
46,77,91,15,1
53,42,92,14,1
61,61,26,75,1
52,2,31,5,0
75,20,17,80,0
73,18,7,21,0
23,66,51,76,0
81,2,92,93,1
36,10,27,57,0
60,61,21,28,0
76,18,74,98,1
84,65,33,21,0
43,58,76,75,1
48,49,16,13,1
66,64,87,53,1
77,12,22,60,0
76,4,100,68,1
15,11,61,84,1
77,69,0,99,1
55,66,53,47,0
89,67,54,29,0
61,98,48,44,1
94,97,89,73,1
17,32,61,98,1
10,36,76,69,1
24,0,90,95,0
73,66,15,66,1
83,26,88,40,1
13,19,54,83,0
33,68,54,72,1
35,87,50,96,1
70,100,71,61,1
71,71,61,32,0
73,44,99,90,1
17,84,15,95,1
100,89,20,12,1
51,100,43,70,1
87,90,6,20,1
81,0,11,18,0
76,55,11,8,0
47,10,77,4,0
51,78,83,66,1
76,7,99,22,0
56,1,25,84,0
66,36,24,4,0
65,66,89,29,1
86,4,46,30,0
20,11,35,99,0
85,50,51,75,1
1,94,90,8,0
70,36,92,71,0
44,44,35,28,0
24,58,51,73,1
22,52,64,13,0
64,37,43,14,0
32,68,73,32,0
48,72,61,98,1
43,99,58,87,1
75,3,61,14,0
48,81,100,28,1
29,40,52,45,0
1,89,33,31,0
51,86,95,43,1
22,60,40,45,1
73,34,23,95,0
24,63,94,25,1
30,33,26,29,0
31,79,45,19,0
15,10,86,84,0
0,97,69,5,0
47,79,40,63,0
73,35,62,23,0
65,35,50,28,0
16,6,67,54,0
69,4,64,44,0
87,99,22,58,0
89,66,58,40,1
1,86,26,48,0
41,46,78,33,1
33,30,34,60,0
43,46,23,63,0
53,89,96,47,1
51,35,57,23,0
73,87,29,12,0
30,71,55,48,1
94,19,60,1,1
63,17,80,66,1
40,100,62,38,1
72,6,50,12,0
7,27,32,60,0
12,57,95,42,1
46,71,71,32,1
52,15,44,86,0
25,73,73,83,1
22,99,36,45,1
65,62,99,94,1
10,48,78,36,0
18,21,81,43,0
78,73,51,9,1
43,29,40,40,0
90,34,77,82,1
56,99,46,95,1
57,52,21,23,0
16,93,30,84,1
95,89,95,10,1
50,13,12,8,0
60,70,6,3,0
67,97,10,13,1
19,10,83,49,0
31,94,36,56,0
16,67,21,3,1
45,41,60,59,0
69,34,70,56,1
89,69,22,75,1
80,95,81,72,1
81,81,68,39,0
61,69,29,11,0
46,52,33,19,0
0,66,97,17,1
60,68,1,88,0
96,61,38,1,0
37,76,29,0,0
24,52,71,55,1
20,91,94,82,1
48,28,33,10,0
30,66,97,78,1
87,34,36,83,0
34,52,24,8,0
37,14,81,58,0
34,89,79,62,1
2,19,6,68,1
13,36,34,16,0
93,1,29,11,1
63,27,43,53,1
63,47,59,89,1
42,10,96,18,1
99,50,9,69,1
24,32,48,1,0
98,91,31,49,1
56,31,94,4,1
94,98,12,66,1
26,60,49,87,0
41,20,80,93,1
70,66,15,32,0
38,25,46,6,0
27,14,30,81,0
1,21,35,74,1
31,1,5,74,0
60,88,76,19,1
11,31,20,63,1
79,43,97,80,1
45,82,19,89,1
13,16,62,29,0
71,100,82,96,1
56,93,24,2,0
45,92,17,32,0
62,90,56,71,1
89,62,24,72,1
44,41,93,59,1
76,70,20,8,0
57,37,33,69,1
0,99,81,64,1
23,2,79,46,0
30,41,92,8,0
68,49,24,67,0
98,70,19,78,1
52,82,41,14,1
84,8,5,16,0
4,25,13,62,0
4,73,82,49,0
67,79,89,75,1
46,28,77,91,1
26,83,62,10,0
81,7,46,71,0
53,47,90,7,0
34,67,5,93,1
38,9,27,66,1
92,29,68,49,1
67,84,31,72,1
22,71,95,71,1
13,98,81,73,1
58,89,85,54,1
21,23,70,51,0
84,20,68,76,1
45,40,70,41,0
52,97,81,55,1
41,77,30,72,1
48,98,70,95,1
57,57,50,0,0
36,76,2,66,1
38,0,38,28,0
40,2,98,88,0
70,65,71,73,0
19,12,4,58,0
17,33,46,74,1
32,38,11,73,0
27,93,9,92,1
61,22,62,88,0
12,76,82,38,1
73,48,10,99,1
98,42,44,55,1
15,98,29,95,1
77,1,81,99,1
6,39,67,5,0
72,19,41,64,0
19,6,86,93,0
57,96,76,73,1
28,55,37,100,1
16,43,10,60,0
6,70,51,33,1
64,55,99,89,1
17,61,71,25,0
83,73,25,71,1
94,67,31,31,1
99,55,41,87,0
11,14,85,52,0
44,24,41,44,0
3,98,39,21,0
78,56,79,18,1
29,25,87,47,1
93,10,14,94,1
79,18,36,1,0
14,39,57,60,1
26,94,68,27,1
66,96,33,70,1
93,18,88,89,1
48,74,84,67,1
21,7,36,25,0
79,34,6,59,0
1,8,49,84,0
84,46,13,2,0
83,49,29,48,1
90,12,40,62,0
68,11,23,25,0
58,71,91,2,1
67,39,42,62,1
20,2,44,87,0
80,38,30,64,1
7,80,32,49,0
3,71,35,28,1
50,84,17,11,0
66,86,78,80,1
53,30,73,19,0
39,77,42,57,1
26,83,17,74,0
25,17,39,88,0
67,17,55,98,1
72,20,40,8,0
92,15,23,40,0
18,93,3,97,1
52,52,38,56,0
81,94,35,19,0
13,16,23,3,0
78,78,34,77,1
29,76,29,29,0
45,10,88,99,1
64,77,60,91,1
23,49,62,60,1
24,28,4,52,0
1,34,52,28,0
25,96,26,8,1
56,78,62,88,1
58,31,54,51,0
77,94,48,92,1
78,95,73,76,1
82,90,100,4,1
57,58,5,31,0
50,94,5,71,1
97,80,6,24,1
50,38,99,36,1
54,37,78,6,0
18,59,82,57,1
64,14,23,99,0
89,69,17,50,1
57,3,22,58,0
91,25,58,11,1
88,83,91,20,1
15,11,14,90,0
46,10,67,90,1
65,78,20,48,1
5,98,21,42,0
84,19,20,18,1
91,6,53,39,1
98,57,36,80,1
16,25,0,79,0
1,58,63,63,0
0,77,63,30,1
84,60,58,52,1
76,76,0,31,0
35,79,80,71,1
26,6,23,18,0
44,4,18,4,0
77,38,42,11,1
53,22,20,86,1
84,88,89,76,1
71,22,58,95,1
4,11,98,38,0
48,8,97,54,0
8,37,60,17,1
35,42,67,52,0
89,26,78,7,1
93,80,67,11,1
88,77,100,90,1
77,40,33,67,1
79,45,16,78,1
66,93,80,63,1
23,78,29,90,1
24,0,15,3,0
15,94,26,78,0
52,5,42,44,0
81,27,1,81,1
36,32,8,39,0
70,41,98,0,1
42,43,50,92,1
3,22,24,42,0
86,61,60,4,0
61,19,80,58,0
68,42,59,100,1
95,7,66,38,0
86,40,71,68,1
73,87,42,45,1
19,35,3,43,0
80,68,21,73,1
23,76,14,100,0
90,40,90,4,1
11,63,30,47,0
38,27,67,38,1
47,100,4,99,1
11,56,64,3,0
64,19,24,43,0
93,67,39,99,1
98,12,66,86,0
26,92,4,58,0
66,14,0,39,0
87,76,11,42,1
5,13,66,98,0
39,2,73,97,1
26,41,25,24,0
68,40,98,56,1
34,19,20,35,0
79,71,65,13,1
44,70,40,34,1
90,36,73,31,1
39,78,43,69,1
16,3,60,86,1
49,6,11,54,0
90,76,75,80,1
89,57,78,45,1
25,91,97,85,1
10,96,97,59,1
11,89,59,12,0
87,82,90,98,1
29,28,18,78,0
46,50,23,89,0
42,100,41,58,1
8,60,14,44,0
21,36,98,44,0
16,65,13,51,0
13,41,71,83,1
38,68,59,51,1
30,79,31,70,1
61,49,8,43,1
88,75,55,100,0
72,100,43,69,1
22,84,85,9,0
91,73,62,14,1
59,41,71,12,0
22,39,51,8,0
87,76,98,48,1
82,84,7,11,1
17,74,96,81,1
96,18,84,19,1
37,49,78,73,1
26,87,40,38,0
86,38,55,91,0
44,11,74,1,0
65,51,16,37,1
70,6,0,90,0
45,14,36,3,0
89,75,50,80,1
48,51,48,55,0
84,22,60,17,1
49,46,53,19,1
85,16,17,1,1
2,18,92,62,0
17,10,17,82,0
58,100,89,77,1
79,23,58,65,1
57,49,45,28,1
77,0,73,63,0
30,91,64,34,1
69,73,46,4,0
72,61,90,47,1
61,88,10,18,0
67,96,99,35,1
10,66,78,11,1
80,94,84,85,1
81,69,74,39,1
43,68,99,1,1
65,60,73,93,1
45,37,37,21,1
76,95,38,93,1
33,7,80,60,0
73,6,84,37,0
79,3,36,62,1
64,9,100,35,1
78,35,35,32,1
14,77,22,75,0
84,57,47,22,1
89,30,62,23,0
4,43,10,18,0
19,63,96,52,0
30,84,56,92,1
26,73,93,44,1
33,96,14,6,1
51,60,38,60,0
96,68,29,48,1
49,60,33,18,0
55,1,36,57,0
40,67,87,5,1
68,81,45,55,1
83,34,42,34,1
12,32,83,74,1
98,86,95,30,1
75,98,24,66,1
88,23,40,70,1
1,8,1,52,0
13,87,57,44,1
36,32,24,4,1
11,7,76,84,0
27,76,81,15,0
15,11,77,16,0
97,82,72,23,0
89,23,32,37,0
9,81,58,35,0
88,85,98,98,1
20,99,9,35,0
48,49,42,7,0
33,22,56,8,0
25,78,50,22,0
13,18,69,98,1
78,82,13,56,0
13,4,9,9,0
32,99,57,2,0
19,83,81,0,0
85,49,34,19,0
50,73,0,65,0
98,62,61,55,1
93,99,100,8,1
0,49,88,99,1
72,68,45,42,0
51,7,80,82,1
68,43,10,58,0
37,82,25,22,0
49,84,24,38,0
13,80,88,45,1
80,56,94,24,1
24,3,92,75,1
49,8,69,82,1
68,57,2,4,0
43,100,92,5,1
27,83,85,66,1
86,68,19,94,1
9,4,94,18,0
2,60,79,5,0
83,16,1,22,0
39,12,58,78,1
75,8,13,14,0
78,28,8,25,0
94,86,51,41,1
87,73,69,17,1
27,97,5,75,1
8,15,35,18,0
21,89,47,70,1
31,74,5,17,1
80,78,48,99,1
62,10,0,0,0
11,90,83,75,0
53,88,98,60,1
26,18,81,34,0
52,30,22,78,0
76,23,91,63,1
11,80,100,38,1
0,71,30,24,1
67,12,79,46,0
69,64,28,59,0
84,26,35,6,1
19,87,60,63,1
85,5,6,82,1
26,55,32,42,0
97,58,5,13,0
68,22,20,100,1
65,14,9,30,0
75,74,41,53,1
86,41,29,99,1
29,12,30,94,0
25,48,28,9,0
62,6,55,18,0
78,58,22,49,1
58,92,24,80,1
34,25,42,16,1
72,7,35,17,1
59,58,53,21,0
28,37,77,20,0
81,78,21,73,0
29,11,52,66,0
27,75,60,59,1
93,54,94,31,1
55,74,28,75,0
73,0,53,5,1
60,93,98,64,1
67,50,61,89,1
57,63,30,10,0
1,88,93,52,0
16,45,37,30,0
11,2,61,85,0
90,58,73,95,1
58,59,98,17,0
51,23,47,80,1
81,0,80,9,0
88,42,67,4,1
96,34,89,78,1
26,100,87,10,1
42,94,7,65,0
86,46,6,14,0
59,79,5,46,1
82,71,90,8,1
99,26,17,42,1
14,83,61,94,0
74,89,26,96,1
28,41,45,34,0
54,35,6,8,0
57,62,64,67,0
60,90,68,86,1
37,57,79,47,0
88,8,24,58,1
50,22,36,9,1
35,14,89,18,0
26,66,80,2,1
87,69,16,60,1
56,94,82,2,1
8,2,29,66,0
52,74,43,83,1
41,62,75,85,1
70,56,58,38,1
39,21,33,29,0
36,98,6,18,0
58,21,79,20,0
36,23,22,90,0
85,19,20,30,1
40,73,16,56,1
23,26,71,90,1
40,44,18,47,0
20,68,38,15,0
51,63,98,18,0
40,19,0,94,0
64,42,82,90,1
37,96,73,85,1
72,93,56,43,1
93,61,5,17,0
14,39,3,51,0
28,57,45,11,0
77,82,24,74,1
100,98,35,25,1
68,57,86,85,0
65,50,24,62,1
77,65,7,85,1
18,91,54,47,1
1,36,44,44,0
57,71,11,27,0
56,94,53,56,1
93,54,93,53,1
75,76,11,18,1
60,67,42,8,0
75,96,48,11,1
81,34,53,22,0
90,72,96,17,1
48,37,70,62,1
38,74,38,63,1
59,28,3,0,0
38,81,81,60,1
85,36,53,22,0
88,82,31,3,1
35,63,8,76,0
74,61,72,55,0
80,87,60,88,1
47,65,93,73,1
33,20,74,7,1
59,88,17,45,1
34,46,53,81,0
45,6,37,37,0
9,65,24,98,0
97,12,76,96,1
41,40,87,38,1
89,88,46,12,1
45,18,1,17,0
47,99,62,52,1
20,13,27,19,0
24,71,78,88,0
67,68,91,70,1
14,53,58,9,1
16,2,61,44,0
46,17,56,76,0
43,22,90,38,1
15,28,16,88,1
29,39,16,26,0
10,54,88,97,0
9,2,99,61,0
5,25,13,4,0
65,75,7,60,1
32,5,8,38,0
96,12,100,15,0
26,75,25,23,0
3,11,18,95,0
74,44,45,20,0
99,93,78,30,1
8,12,74,97,1
27,91,24,36,1
96,68,0,92,1
27,64,90,60,1
75,23,56,86,0
23,45,48,54,1
29,52,14,97,0
15,59,14,66,1
97,46,90,36,1
5,10,41,63,1
36,58,76,94,1
56,28,70,52,1
54,24,8,60,0
47,22,1,86,0
13,50,56,66,0
10,15,18,50,0
75,13,94,21,1
25,43,25,76,0
51,15,29,54,0
35,97,91,98,1
34,96,82,51,1
85,77,51,62,1
18,98,58,13,1
62,63,29,80,0
3,12,94,6,0
63,86,3,22,0
86,41,19,38,0
12,97,9,84,0
98,63,59,25,1
63,62,64,33,1
69,69,2,97,1
55,15,49,57,1
48,56,58,4,1
71,84,99,38,1
21,62,55,17,0
49,62,97,14,1
62,84,70,87,1
60,60,71,20,1
50,33,63,75,0
78,86,45,98,0
41,7,3,75,1
46,44,94,74,1
80,43,48,12,0
45,52,44,7,0
31,30,82,39,0
88,8,39,14,0
2,68,41,4,0
54,72,65,53,1
89,60,75,2,0
48,73,49,41,0
62,12,88,86,1
63,64,97,85,1
78,38,46,55,1
81,100,9,68,1
33,6,38,73,0
28,79,95,11,0
74,12,75,43,1
72,67,60,54,1
9,83,38,64,0
55,84,69,40,1
51,32,79,65,1
97,70,23,2,0
66,23,73,63,1
95,59,34,81,1
78,98,55,72,1
7,66,25,46,0
30,19,95,87,0
55,52,40,8,0
52,34,36,82,1
87,76,30,51,1
19,24,3,31,0
39,59,62,71,0
54,82,4,25,1
17,3,33,35,0
22,82,5,92,1
2,7,10,40,0
8,52,46,85,0
11,50,92,17,1
73,94,64,15,1
74,99,67,32,1
11,30,76,15,0
40,42,74,94,1
95,95,30,54,1
13,22,27,35,0
32,75,7,62,0
89,14,40,69,1
87,31,35,100,0
46,60,91,47,0
2,82,77,4,0
84,6,88,100,1
32,70,49,39,0
89,46,87,15,1
30,56,49,1,0
50,32,38,11,0
96,30,38,26,0
20,56,80,40,0
98,82,52,4,1
10,99,62,60,0
42,91,54,12,0
89,33,64,8,1
77,93,70,94,1
88,3,97,6,0
23,80,56,82,1
51,25,80,39,1
10,14,20,31,0
98,83,97,16,1
87,52,40,57,1
94,17,33,22,0
41,36,25,10,0
23,50,48,73,1
2,71,82,78,1
11,59,25,33,0
21,6,51,79,0
33,19,11,47,0
72,15,1,91,0
98,58,86,63,1
91,26,24,100,1
95,63,48,16,1
26,76,27,36,0
24,53,23,52,0
3,37,33,30,0
31,47,74,87,1
10,1,60,17,0
88,50,87,27,1
90,54,94,76,1
12,71,7,6,0
30,60,45,77,0
76,90,95,5,1
64,79,48,38,0
85,47,16,71,1
22,33,21,64,0
43,59,16,11,0
67,55,18,33,1
5,16,63,35,0
55,36,33,78,0
33,66,40,55,0
40,94,62,97,0
71,84,81,56,1
19,6,29,23,1
33,20,90,59,1
63,5,56,45,0
71,62,58,63,1
92,18,15,44,1
36,23,21,95,0
34,72,84,74,1
0,67,98,73,1
9,31,98,63,0
42,3,36,87,0
15,50,47,75,0
13,41,19,3,0
90,84,61,58,1
34,76,84,0,1
5,83,79,57,1
93,93,72,16,1
6,82,36,41,0
95,9,70,77,1
51,32,22,30,0
51,11,2,26,0
99,51,36,82,1
83,19,15,38,0
55,94,39,87,1
45,85,12,47,0
62,57,49,60,1
76,54,11,96,1
47,78,23,55,0
11,5,65,43,0
86,28,82,87,1
63,67,80,82,1
37,59,55,10,0
61,38,19,16,0
38,31,66,54,1
6,70,9,5,0
65,54,52,12,0
92,72,32,45,1
10,98,64,2,1
84,59,22,100,1
50,5,10,53,0
38,40,75,92,1
85,57,79,33,1
23,27,23,10,0
77,33,86,13,1
2,0,50,14,1
83,61,58,88,1
84,95,77,92,1
79,78,46,88,1
88,86,50,38,1
17,1,24,14,0
89,24,3,26,0
18,83,30,55,0
68,24,11,38,0
18,60,54,2,1
19,94,89,56,0
60,2,57,74,1
37,72,50,6,0
13,80,91,55,0
63,94,74,76,1
37,4,62,51,0
75,92,78,86,1
62,29,91,7,0
54,73,40,70,1
82,53,60,14,1
82,44,57,89,1
20,36,92,24,0
56,29,64,28,0
87,43,77,91,1
16,37,92,91,1
53,86,83,94,1
60,20,79,26,1
95,11,85,61,1
25,20,77,62,1
53,63,38,30,1
6,2,45,33,0
20,22,64,4,0
43,55,14,79,1
71,28,62,33,0
100,45,98,5,0
71,34,19,88,0
77,85,13,90,1
56,58,96,14,0
100,78,78,100,1
13,71,5,64,1
80,15,26,46,1
37,90,56,97,1
93,12,19,82,1
17,15,25,56,0
98,98,0,31,0
60,43,36,64,1
34,47,91,96,1
80,85,31,19,0
67,53,100,29,1
54,52,52,58,0
66,87,46,3,1
98,1,91,66,0
10,43,40,51,0
21,55,7,50,0
84,82,19,73,1
80,91,84,66,0
53,51,87,89,1
38,92,95,40,0
1,35,67,78,0
89,51,57,82,1
69,79,100,79,1
89,44,100,83,1
25,38,10,4,0
49,92,92,94,1
66,69,36,27,1
70,39,66,43,0
20,2,3,69,0
30,99,38,92,1
64,14,93,7,0
33,80,64,45,1
96,83,15,57,1
94,0,58,43,0
95,74,72,91,1
80,85,68,76,1
38,36,85,100,0
73,86,17,91,1
94,31,13,41,0
24,99,46,58,1
91,54,52,10,1
54,16,60,27,0
47,86,67,51,1
66,99,50,33,1
81,54,56,88,0
62,93,53,20,1
16,62,91,58,1
90,65,67,15,1
58,60,4,95,1
71,47,15,77,0
14,15,47,73,0
66,19,15,47,0
47,38,37,62,1
18,18,100,75,1
39,36,27,23,0
62,0,15,70,0
5,53,61,73,1
57,43,100,48,1
92,77,16,97,1
81,58,97,57,1
19,93,41,11,0
85,79,52,49,1
50,43,69,5,0
56,94,35,82,1
21,90,3,73,0
98,90,39,71,1
82,71,10,24,0
69,73,96,6,0
66,24,96,60,1
2,15,84,68,1
2,35,100,26,1
90,74,56,10,0
77,41,51,75,1
2,43,55,23,0
67,40,48,32,1
12,69,21,36,1
32,98,11,19,0
52,86,21,7,0
41,23,3,91,1
49,12,40,18,0
41,33,48,15,1
30,96,76,75,1
65,96,64,49,0
34,7,40,59,0
8,61,3,52,0
2,34,70,75,0
31,97,71,83,1
38,72,52,57,1
81,64,26,100,0
47,69,21,100,1
54,71,57,5,1
59,79,37,83,0
0,7,61,34,0
87,48,44,80,1
65,36,5,20,0
72,8,38,11,0
15,17,92,71,0
55,26,78,64,0
40,87,43,81,1
96,90,57,34,1
41,43,26,58,0
42,2,88,17,0
0,77,60,0,0
86,22,52,71,0
90,62,97,50,1
100,83,83,9,1
85,56,86,15,1
48,76,45,49,1
98,89,1,15,1
24,56,1,28,0
97,35,87,90,1
11,78,80,38,0
28,29,63,46,1
63,90,90,77,1
25,81,50,14,0
72,64,63,21,1
84,94,72,86,1
72,22,8,75,1
8,16,33,72,0
66,93,100,35,1
86,2,88,86,1
32,87,71,58,1
54,82,86,83,1
41,55,52,35,1
66,59,63,46,1
5,92,28,6,0
53,68,57,40,1
24,42,10,73,0
94,28,88,54,0
31,25,21,42,0
80,80,12,3,0
3,75,80,42,0
31,13,60,30,0
6,42,66,30,0
99,76,79,56,1
80,57,74,15,1
7,4,48,40,0
88,8,100,16,1
56,7,38,78,0
8,13,86,7,0
37,48,51,12,0
52,29,76,100,1
1,58,49,59,0
79,79,12,43,0
86,100,3,58,1
75,24,13,13,1
91,8,75,24,0
16,81,65,32,1
61,92,79,56,1
17,5,7,16,0
55,65,83,96,1
74,69,99,18,1
39,77,43,37,1
1,66,75,84,0
7,30,64,71,0
54,44,25,25,0
25,100,8,43,1
60,88,88,59,1
42,74,72,42,1
53,42,20,13,0
5,63,28,0,0
88,29,59,79,1
61,94,98,42,1
48,26,51,23,0
0,46,1,9,0
71,14,18,37,0
80,74,97,46,1
3,25,25,36,0
33,92,22,43,0
31,22,25,2,0
33,12,2,86,1
83,100,14,43,0
39,58,30,47,0
84,21,67,79,0
91,8,15,18,0
16,24,24,68,0
47,40,76,54,0
31,5,97,78,0
68,37,19,41,1
80,35,16,65,0
62,26,93,10,0
84,78,8,21,0
96,82,96,65,1
66,59,22,41,0
67,88,61,91,0
60,34,74,51,0
74,83,4,26,1
25,57,30,50,1
54,48,73,20,0
47,32,70,10,1
10,37,56,66,0
74,5,59,65,0
54,57,59,55,1
63,40,34,48,1
56,29,33,82,1
10,37,64,65,0
10,100,35,29,1
9,46,4,69,0
25,86,42,32,1
98,87,35,24,1
17,96,91,94,1
33,1,98,38,1
44,100,51,51,0
96,83,1,60,1
97,19,50,29,1
95,26,60,29,1
100,70,96,59,1
59,43,10,40,0
54,98,89,53,1
57,71,3,47,1
16,39,94,1,0
84,45,43,28,1
87,96,51,97,1
68,38,41,75,1
100,4,17,19,0
42,72,80,77,0
73,50,48,26,0
8,68,49,24,0
42,72,57,81,0
11,21,13,86,0
4,88,77,62,1
25,8,49,36,0
37,84,67,8,1
47,66,1,21,0
52,50,20,14,1
53,61,95,8,1
26,16,26,39,0
90,85,60,20,1
39,75,25,64,0
58,35,25,0,0
57,8,51,77,0
67,42,72,62,1
73,5,94,11,1
58,44,89,91,1
50,78,22,53,1
79,93,55,58,1
84,23,89,72,1
89,5,30,20,0
80,68,37,85,0
89,92,92,27,1
52,97,70,15,0
9,96,13,64,0
41,52,57,21,1
64,5,59,3,1
88,86,95,59,1
95,51,24,50,1
32,14,90,17,0
95,59,62,59,1
70,84,31,91,0
17,60,35,20,0
2,77,12,22,0
68,94,50,21,1
97,1,86,34,1
45,22,27,91,1
86,68,27,56,1
81,66,82,84,1
13,49,88,39,0
76,0,6,98,1
25,31,47,30,0
2,53,3,1,0
24,87,85,8,1
12,85,21,92,1
53,65,13,41,1
80,24,79,26,0
50,54,15,29,1
45,41,22,1,0
40,1,49,27,0
8,84,35,83,0
5,8,27,52,0
76,63,13,91,1
72,21,32,12,0
80,89,49,86,1
98,88,17,42,1
97,88,40,85,1
42,2,77,74,1
65,81,94,29,1
90,1,29,2,0
15,39,30,94,0
31,79,10,7,1
63,37,25,19,0
82,4,30,92,0
56,94,42,17,1
82,100,97,5,1
53,82,36,96,1
93,42,43,31,1
6,85,31,87,0
28,77,48,66,1
56,80,0,8,0
8,24,6,81,0
26,16,11,22,0
26,30,64,10,0
59,39,21,92,1
54,22,77,31,1
73,57,81,25,1
100,61,10,46,1
21,60,56,54,0
94,55,97,19,1
61,2,97,48,1
10,97,38,76,1
70,93,22,32,1
39,58,36,48,0
61,9,42,17,0
25,19,24,0,1
64,93,92,47,1
53,50,95,47,1
39,82,75,9,1
4,15,49,72,1
97,55,32,98,0
92,44,65,90,1
88,47,89,7,1
54,94,31,31,1
46,80,90,86,1
85,82,18,33,1
87,18,32,31,0
84,20,1,14,0
82,91,49,50,1
10,66,24,54,1
54,32,88,38,1
68,84,48,75,1
52,96,93,11,1
73,99,44,18,1
26,95,50,89,1
21,62,0,12,0
89,53,67,53,1
93,55,21,22,1
90,17,25,62,1
14,57,72,27,1
7,95,23,97,1
52,56,80,79,1
81,21,10,37,1
15,35,8,43,1
30,61,62,86,0
1,7,34,96,0
85,74,5,12,1
0,48,77,66,0
97,34,62,60,1
77,54,43,47,0
43,40,30,46,0
48,78,7,45,0
12,0,58,89,0
17,3,77,15,0
35,89,96,31,1
79,87,84,60,1
84,24,0,81,0
41,2,81,46,0
94,41,86,56,1
62,51,94,78,1
44,54,60,84,0
12,93,49,37,0
91,18,66,73,0
91,64,4,16,0
11,38,86,70,0
59,21,57,14,0
69,30,31,27,1
84,89,11,13,1
91,3,20,41,0
98,35,28,92,1
60,85,15,85,1
68,81,92,62,1
88,42,28,73,0
76,8,82,43,1
91,95,94,92,1
82,100,71,55,1
28,33,14,37,1
11,43,94,75,0
95,14,73,47,1
40,48,73,94,1
7,75,68,24,0
54,40,98,46,0
16,66,84,77,1
13,50,1,68,0
40,18,37,28,0
58,18,76,36,1
85,89,4,76,1
64,88,15,35,0
90,73,61,80,1
63,37,90,48,1
42,19,91,26,0
28,89,94,6,0
99,22,62,93,1
84,20,2,70,0
54,86,60,44,0
50,9,67,93,1
89,24,89,70,1
16,41,96,74,0
6,90,38,58,0
73,17,56,89,1
18,26,27,95,1
83,1,46,92,0
13,86,100,18,1
54,86,21,7,1
60,22,6,15,0
83,43,75,55,0
80,92,51,31,1
30,50,62,38,0
22,83,95,48,0
85,84,11,99,1
83,48,35,80,1
47,1,15,14,0
62,82,85,65,1
75,73,73,61,1
95,12,75,23,1
82,89,55,38,1
12,41,8,91,0
68,23,51,89,1
71,68,100,67,1
66,74,68,91,1
83,15,96,96,1
84,15,23,76,0
0,71,57,40,1
16,73,26,83,1
71,32,96,4,1
15,64,38,46,0
21,54,84,0,1
5,66,100,37,0
56,17,73,62,0
66,45,77,68,1
88,12,84,5,1
24,18,38,27,0
77,70,27,75,1
16,93,79,54,1
32,33,48,83,0
51,58,10,32,0
88,18,68,26,1
93,34,81,89,1
91,47,72,84,1
65,77,20,53,0
40,100,55,48,1
77,31,9,34,1
14,87,70,52,1
81,11,46,42,0
18,28,35,1,0
28,48,13,100,0
22,67,93,39,1
62,12,67,44,0
36,70,34,77,1
6,21,40,96,0
44,94,86,100,1
76,51,61,75,1
1,87,65,91,1
16,18,48,72,0
6,92,81,47,0
31,86,77,53,1
23,56,45,59,0
35,54,66,91,0
29,39,81,11,0
52,98,40,11,0
9,93,30,11,1
7,10,95,36,0
63,1,54,86,1
93,17,61,63,1
86,68,89,15,1
78,24,95,0,0
89,68,95,44,1
94,84,67,87,1
77,57,21,86,0
97,67,28,22,1
17,65,45,6,0
48,21,47,14,0
86,31,69,98,1
37,38,61,37,1
0,94,80,72,1
39,82,65,4,0
79,62,7,45,1
58,42,38,45,1
44,92,23,51,1
12,55,62,25,1
65,19,52,15,0
0,19,98,84,1
60,50,47,38,1
23,68,34,13,0
84,56,20,17,1
55,0,45,90,1
24,36,5,17,0
95,42,4,20,0
61,85,34,15,1
70,63,87,91,1
96,97,99,51,1
94,49,16,14,0
2,16,19,44,0
98,87,30,6,0
43,54,76,94,1
61,37,36,62,1
54,31,79,19,0
23,31,35,98,1
33,89,31,85,0
25,60,90,100,1
89,93,64,78,1
75,80,81,19,1
16,51,4,35,0
18,54,2,78,1
6,48,52,67,1
81,29,28,43,0
7,65,54,82,1
14,34,46,35,0
91,53,31,40,0
23,5,0,6,0
41,27,36,60,1
77,12,55,23,1
62,46,42,38,1
85,1,87,70,0
16,42,46,94,0
95,99,75,67,1
30,83,35,26,0
11,13,16,80,0
15,5,75,83,0
24,90,57,12,1
69,79,43,38,0
97,25,68,92,1
16,24,53,70,0
97,71,44,46,1
91,15,55,8,0
67,64,2,21,0
89,16,37,5,0
7,88,24,94,0
63,87,68,65,0
21,56,96,65,1
99,49,51,77,1
23,0,20,73,0
89,1,65,58,1
92,67,33,38,0
37,90,34,70,1
28,5,68,30,0
81,18,35,17,0
6,82,31,26,0
0,83,44,80,0
47,41,10,90,0
33,92,17,52,0
37,41,7,80,0
45,28,93,35,1
2,68,84,99,0
74,13,92,95,1
83,32,80,81,1
26,56,28,41,0
74,80,96,50,1
29,93,92,55,1
61,11,63,23,0
22,24,72,62,0
23,82,36,2,0
22,50,87,77,1
18,9,54,31,0
82,51,12,92,1
93,96,1,77,1
49,2,14,1,0
82,5,16,31,0
34,18,80,76,1
1,13,69,94,0
90,10,25,17,0
72,56,20,39,1
19,31,7,69,0
80,69,15,2,0
13,69,37,13,0
53,18,0,28,1
54,49,18,45,0
28,87,49,87,0
14,62,21,14,0
36,45,9,78,0
46,10,5,77,1
54,67,42,76,1
54,19,85,87,1
36,44,13,34,0
84,47,33,91,0
100,0,19,99,0
40,18,49,57,0
100,61,8,14,0
93,35,18,11,0
16,23,98,49,1
63,54,61,88,0
77,81,42,17,0
83,31,49,53,1
68,68,63,68,1
29,49,10,74,0
67,73,99,88,1
28,89,11,30,0
26,2,46,71,0
17,14,7,44,0
99,17,37,58,1
70,53,31,26,0
7,95,17,15,0
90,18,48,93,1
54,47,6,89,1
74,9,61,76,0
3,18,46,18,0
9,1,72,53,1
23,60,95,17,0
89,38,60,52,1
56,100,82,88,1
14,19,7,82,1
96,22,64,20,1
54,87,58,70,1
33,73,64,39,0
54,20,34,11,0
16,95,27,51,0
28,50,23,95,0
77,9,88,59,1
83,82,51,48,1
47,82,54,24,1
13,9,46,77,0
42,3,30,36,0
13,8,27,76,1
39,24,70,25,0
4,30,34,10,0
72,5,72,61,1
40,11,39,1,0
96,36,50,64,1
96,50,92,45,0
89,86,12,42,1
94,64,12,64,0
19,3,75,48,0
4,37,20,19,0
10,80,11,91,1
27,87,83,18,0
20,64,66,93,1
66,98,43,57,1
43,37,46,79,0
55,5,91,99,1
30,26,78,77,1
19,72,80,63,1
1,18,98,39,0
100,11,63,12,0
21,37,20,8,0
46,45,11,9,0
98,58,33,60,0
97,56,83,17,0
72,62,5,46,0
51,52,79,87,1
46,65,79,40,1
87,52,64,57,1
87,5,79,82,1
31,89,71,1,1
13,37,48,20,0
9,28,49,59,0
44,59,59,82,1
59,13,10,23,0
50,98,55,25,1
8,40,43,77,0
89,94,60,14,1
4,69,19,60,1
27,40,72,4,0
99,48,7,46,0
60,27,6,27,0
97,87,54,34,1
22,10,18,8,0
10,38,91,57,0
67,27,85,33,1
6,11,54,43,0
38,21,25,44,0
61,60,68,88,1
89,55,45,88,1
1,71,100,76,1
92,85,74,78,1
85,93,95,94,1
1,19,58,18,0
40,14,86,52,1
92,0,57,16,0
81,74,12,4,1
24,53,89,69,0
76,48,27,44,1
24,86,73,1,1
46,2,38,39,0
15,89,63,83,0
52,52,45,45,0
54,66,97,42,1
22,58,54,47,1
76,20,69,55,1
84,88,87,55,1
89,79,12,11,0
13,11,83,2,0
52,13,63,95,0
69,12,81,56,1
4,85,37,53,1
99,58,70,48,1
60,15,44,59,0
82,90,100,94,1
47,100,28,64,1
84,33,39,53,0
0,53,4,1,1
47,66,94,76,1
21,73,55,30,0
50,24,78,82,1
6,73,54,16,0
49,93,22,51,0
66,20,55,29,1
16,64,15,80,0
50,97,80,33,0
20,41,26,11,0
55,1,80,98,1
3,79,90,69,0
10,73,48,3,0
16,58,81,80,0
23,30,83,28,0
68,31,92,99,1
48,98,33,84,1
10,18,80,2,0
74,13,14,58,0
15,13,18,36,0
23,11,9,63,0
26,50,12,62,0
52,9,62,80,1
87,53,48,40,1
57,20,23,38,1
22,84,72,80,1
4,15,43,44,0
78,76,69,0,1
94,32,15,24,0
68,2,66,65,0
27,46,14,27,1
17,28,10,93,0
16,34,35,61,1
11,44,90,70,0
59,95,63,55,1
51,24,32,22,0
91,35,50,13,0
98,75,39,21,0
92,62,55,57,1
95,34,40,79,1
49,54,25,72,1
80,8,57,21,0
65,32,75,52,1
82,67,45,50,1
23,41,54,23,0
9,27,84,47,0
99,40,15,1,0
1,91,42,27,0
41,29,71,8,0
77,27,67,27,1
35,91,77,85,1
82,53,87,96,1
40,25,25,6,0
63,5,35,53,1
57,21,76,41,0
30,73,2,36,1
100,73,0,59,1
51,4,68,67,1
82,2,8,60,1
53,92,38,35,1
44,51,10,71,0
63,78,6,50,1
58,63,82,15,0
79,13,3,28,1
1,17,13,41,0
92,55,28,21,1
92,47,68,0,0
6,33,100,5,1
38,9,33,42,0
48,34,89,21,0
74,58,15,16,0
18,96,74,52,1
85,15,66,67,1
61,84,62,35,1
93,61,28,11,1
37,91,10,45,0
31,84,82,94,1
88,9,9,63,1
1,85,27,59,0
24,62,13,43,0
75,97,67,65,1
97,39,90,58,1
64,13,16,28,0
49,57,79,65,1
51,24,8,35,0
87,39,73,82,1
59,13,95,14,1
58,23,34,3,0
67,57,45,33,1
70,10,45,55,1
50,64,55,65,1
56,34,47,12,1
48,93,54,24,1
51,22,76,35,0
63,66,55,13,0
82,31,14,28,1
4,73,34,30,1
12,35,28,79,0
51,50,50,12,1
88,34,63,26,1
26,44,81,36,0
36,93,0,12,1
89,79,61,94,1
88,30,21,40,0
21,23,42,58,1
1,85,60,54,1
22,33,9,21,0
1,76,45,60,0
62,31,60,14,1
2,72,87,37,0
67,64,21,96,1
12,12,38,94,0
62,94,44,69,1
62,32,46,58,1
45,38,90,42,0
99,84,76,61,1
87,66,93,81,1
52,28,84,18,1
3,31,73,94,0
55,46,26,95,1
48,81,13,35,0
86,69,57,67,1
86,44,42,50,1
35,39,24,5,0
89,43,78,15,1
58,72,44,36,1
1,63,87,18,0
19,66,37,79,0
20,38,62,36,1
37,1,58,5,0
75,15,6,62,0
55,45,84,0,1
17,44,36,100,0
85,98,71,19,0
91,34,18,93,1
74,10,37,28,1
45,31,86,81,1
51,12,33,38,0
22,72,55,86,0
74,17,87,98,1
17,53,70,25,0
10,38,72,80,1
23,48,100,55,1
67,56,88,40,1
87,91,45,59,1
59,53,52,59,1
71,3,98,53,1
17,78,38,100,1
65,47,16,79,1
72,37,6,96,0
16,51,85,0,0
97,66,58,6,1
34,83,13,42,0
37,72,61,88,1
7,15,94,74,0
94,91,6,89,1
18,71,94,63,1
86,81,19,38,1
92,0,62,79,1
14,8,0,19,0
15,66,12,31,0
60,3,64,56,1
15,38,51,61,0
30,69,33,78,0
84,78,15,55,1
2,23,18,95,0
21,65,94,89,1
60,61,37,37,0
75,63,47,85,1
49,89,13,59,1
54,18,3,36,0
72,49,1,74,1
82,83,84,79,1
45,17,59,92,1
1,20,45,64,0
64,26,44,90,1
65,8,22,83,1
83,92,72,43,1
100,17,35,100,1
38,50,8,82,0
60,77,84,23,1
64,99,84,67,1
89,41,75,74,1
79,51,8,5,1
93,20,29,12,0
63,86,60,41,1
98,93,30,13,0
22,93,49,96,0
8,7,78,32,1
95,9,56,97,1
80,3,22,41,1
57,48,17,81,0
25,25,32,62,0
36,28,25,94,1
67,24,11,74,1
85,12,26,4,0
0,46,99,52,0
9,43,23,87,0
93,82,67,63,1
26,73,60,64,1
79,71,17,8,0
80,48,9,72,1
100,66,38,12,1
29,6,76,69,1
28,37,32,49,0
8,20,36,9,0
30,66,78,64,1
79,7,69,89,0
74,60,33,83,1
43,53,33,25,0
97,7,17,26,0
93,42,96,84,1
7,30,63,9,0
72,78,89,97,1
44,9,53,76,0
10,70,61,16,0
5,13,4,63,0
83,44,55,61,1
29,2,7,3,0
25,68,77,48,0
94,2,70,61,1
98,48,89,16,1
54,70,17,14,0
78,47,45,24,1
7,30,29,11,0
29,52,95,96,0
68,72,5,1,0
31,7,9,7,0
23,36,5,40,0
83,31,37,16,0
61,84,15,84,1
32,69,26,63,0
45,28,56,91,1
46,99,70,37,0
31,67,34,40,0
64,13,6,44,0
90,79,62,35,1
17,66,29,39,0
26,15,47,92,0
18,4,30,89,0
97,58,14,2,0
4,34,35,75,0
10,7,35,78,0
2,48,49,56,1
26,48,23,84,0
6,84,39,4,0
44,3,77,96,0
33,96,75,27,0
43,92,79,55,0
100,93,94,96,1
13,70,49,92,0
36,68,59,54,1
72,98,66,33,1
48,59,95,30,1
1,35,87,35,1
31,98,69,37,1
50,4,78,35,0
84,32,100,83,1
77,1,15,39,0
41,33,22,56,0
56,1,59,4,0
61,81,71,27,1
74,10,35,78,0
8,56,23,33,0
35,33,63,16,0
22,18,79,83,1
14,83,4,23,0
56,74,40,5,0
29,7,91,33,0
2,86,45,69,0
76,30,44,13,1
56,14,65,9,0
41,73,47,87,1
82,54,36,18,1
77,100,46,42,0
83,47,60,37,1
20,47,5,37,0
75,3,13,77,1
40,65,91,99,1
100,74,91,44,0
48,74,4,84,0
48,97,83,10,0
28,72,64,73,1
93,53,68,93,1
67,6,77,60,0
66,56,40,34,1
73,37,31,42,1
98,46,29,58,1
14,88,30,56,0
52,46,10,45,0
9,46,83,61,0
57,100,53,29,1
16,68,31,99,0
86,74,85,17,1
36,43,40,15,1
53,64,18,73,1
98,25,23,58,1
15,53,33,97,0
60,95,12,16,0
55,3,88,21,0
16,65,67,49,0
45,16,51,89,0
91,37,15,43,0
43,75,77,78,1
92,5,9,94,0
57,52,80,57,1
55,37,96,61,1
93,23,92,98,1
65,10,19,0,0
47,86,83,58,1
56,22,65,92,1
98,12,29,38,0
6,72,66,67,0
54,36,41,49,1
22,18,5,94,0
93,26,55,66,1
78,40,12,44,1
15,36,35,62,0
21,36,33,77,0
29,85,35,18,1
70,65,96,21,1
5,69,68,24,1
3,47,26,36,0
73,54,93,56,1
58,37,14,91,0
15,56,55,63,1
17,35,93,85,1
45,10,95,28,0
41,20,64,42,1
80,94,65,86,1
90,88,40,4,1
90,66,40,24,0
84,80,4,81,1
31,17,75,48,0
28,86,25,33,0
62,23,93,63,1
25,81,11,66,0
95,27,0,55,1
71,78,26,90,1
53,88,33,78,1
74,30,81,44,1
84,23,38,29,0
85,62,62,80,1
45,69,61,37,1
14,96,97,36,1
57,41,31,84,1
22,59,40,84,1
89,50,90,16,0
61,62,76,52,1
3,37,34,64,0
100,52,7,71,0
33,86,40,52,1
56,54,51,33,0
34,62,93,28,1
5,39,57,52,1
21,68,26,99,0
78,78,42,16,0
2,92,2,48,1
90,42,45,98,1
8,83,6,66,1
68,25,20,68,0
91,29,37,20,0
42,52,27,70,0
1,4,2,96,0
13,64,50,62,1
36,38,3,29,0
88,31,4,34,0
100,48,83,51,1
94,34,10,9,1
92,90,97,93,1
1,95,69,77,0
12,94,75,50,1
77,39,100,41,1
95,2,38,35,0
12,33,83,73,1
37,54,11,28,0
71,35,61,36,0
68,64,31,48,1
63,93,50,47,1
91,13,57,28,0
3,50,98,29,0
61,72,13,82,1
18,80,10,12,0
26,62,75,31,1
51,78,60,66,1
72,97,29,7,0
32,52,39,94,1
19,4,41,88,0
52,0,34,88,1
71,62,69,63,1
83,30,41,59,0
65,71,94,93,1
13,54,89,9,0
96,1,20,66,0
21,25,56,14,1
54,63,21,80,0
62,17,95,70,1
1,37,15,55,0
92,86,34,66,1
47,72,83,21,1
66,87,26,78,0
47,66,77,32,1
26,42,95,92,0
17,21,67,91,0
1,40,53,22,0
8,0,39,89,0
88,12,68,58,1
7,79,59,76,1
44,81,71,28,1
1,24,35,36,0
54,74,93,39,1
98,51,32,71,1
84,25,9,75,1
93,27,35,22,1
13,16,66,75,0
49,42,73,98,0
77,35,94,78,1
60,26,21,0,0
27,11,78,18,1
60,0,41,9,0
6,17,65,56,0
60,41,38,64,0
30,71,50,48,0
90,60,45,39,0
40,67,10,77,0
21,81,35,91,1
55,71,56,62,1
32,87,15,71,0
83,44,22,3,0
59,98,85,44,1
27,78,71,24,1
22,95,1,25,0
67,24,0,75,0
12,47,32,64,0
77,34,4,82,1
61,50,5,89,0
35,80,7,73,0
91,60,77,80,1
22,60,95,82,1
13,4,47,3,0
91,19,90,94,1
16,10,53,15,1
81,90,7,40,1
69,35,24,83,0
2,42,86,40,0
21,75,92,46,1
85,51,53,85,1
8,24,97,64,1
34,10,22,56,1
77,25,88,64,1
81,95,0,39,1
44,15,43,59,0
89,11,72,59,1
11,23,93,11,0
75,80,2,98,1
1,27,81,47,0
92,31,39,87,1
24,95,96,94,1
6,48,90,36,1
17,72,40,52,1
24,34,25,22,0
33,89,56,33,1
45,74,46,44,0
66,57,80,87,1
4,74,49,19,0
26,89,55,44,0
87,36,26,43,0
64,70,95,34,1
98,26,33,27,0
4,14,66,84,0
60,17,59,75,1
72,48,84,75,0
41,89,13,80,1
1,20,53,60,0
82,12,23,45,0
59,69,23,96,1
78,58,75,73,1
93,51,60,31,1
47,76,43,61,0
38,5,29,97,0
64,13,53,54,0
73,51,75,3,1
21,38,76,89,0
25,72,96,17,1
42,100,6,11,0
98,18,44,58,1
58,0,84,18,1
22,38,39,10,0
26,55,11,92,1
87,71,99,47,1
20,44,12,60,0
50,89,27,60,0
59,90,31,97,0
49,16,40,97,0
51,98,41,36,0
93,54,76,50,1
44,62,85,94,0
3,28,77,22,0
47,46,43,64,0
78,76,96,50,1
82,29,17,63,1
27,38,55,11,0
83,23,54,19,1
49,86,61,4,1
53,22,20,50,0
13,59,10,44,0
12,83,51,1,1
16,73,64,49,0
1,62,83,85,1
98,6,38,54,1
81,14,77,57,1
99,60,91,42,1
46,14,100,22,0
68,97,49,86,1
0,43,90,75,1
65,78,93,58,1
59,36,5,15,0
58,46,6,76,0
32,54,43,86,1
3,69,34,22,0
53,2,57,41,0
4,76,14,45,0
68,94,50,31,1
68,12,16,93,1
63,55,35,44,0
88,79,31,93,1
72,58,5,9,0
4,18,77,92,0
12,48,65,92,1
81,95,38,54,1
23,95,32,92,1
10,55,14,24,0
38,78,65,69,0
31,88,6,47,0
27,97,55,35,0
99,23,35,64,0
77,51,23,86,1
0,52,26,2,0
84,16,35,34,0
81,40,12,28,1
90,41,28,8,0
93,91,77,58,1
81,76,42,69,1
71,1,43,43,0
56,19,59,95,1
68,89,21,86,1
51,4,84,73,0
80,62,71,44,1
95,67,47,38,1
40,57,86,59,1
79,74,21,79,1
55,53,97,2,0
36,71,95,62,0
48,68,16,48,0
15,12,50,27,0
14,73,37,22,0
98,99,94,51,1
45,96,27,53,0
35,40,98,46,0
85,87,81,97,1
64,68,68,50,1
51,63,96,59,1
57,20,22,51,0
68,42,97,59,1
87,12,49,74,0
53,52,24,81,1
28,17,78,79,1
10,76,73,93,1
2,41,78,31,1
80,60,87,11,0
2,95,76,83,1
65,24,20,58,0
30,22,60,91,0
41,16,37,8,0
26,73,59,58,1
77,56,30,22,0
64,82,14,77,0
20,31,59,92,0
0,95,4,87,0
66,60,49,9,0
33,91,68,15,0
77,82,68,91,1
61,92,7,37,0
92,98,5,46,1
65,80,83,56,1
15,13,18,33,0
74,96,14,92,1
52,84,43,18,0
61,26,33,12,0
88,9,58,90,1
31,96,33,43,1
56,42,100,57,1
72,35,76,4,0
18,66,36,3,0
47,72,46,91,1
91,20,72,81,1
91,56,86,37,1
88,16,18,77,1
49,32,81,29,1
27,74,38,18,0
33,46,92,65,0
66,51,61,79,0
44,82,19,75,0
40,66,47,48,0
62,82,21,67,1
61,48,1,85,0
43,28,39,26,0
35,77,99,93,1
83,25,45,63,1
81,1,95,100,1
29,94,25,46,0
51,80,12,42,0
34,70,68,94,1
10,7,57,72,0
31,32,94,23,0
83,31,29,88,0
22,5,77,34,0
11,95,24,93,0
8,16,66,38,1
29,31,74,97,1
59,12,68,100,1
81,9,25,61,1
10,60,25,12,0
27,76,62,38,0
74,55,14,92,0
99,82,24,75,1
78,96,58,0,1
52,76,34,63,1
42,64,61,65,1
82,38,33,68,1
35,86,71,64,1
56,14,96,23,0
40,65,60,63,1
8,97,55,86,1
56,43,81,87,1
23,24,99,13,0
27,39,64,39,0
67,60,13,87,1
78,26,73,86,1
20,24,98,50,0
20,78,84,20,1
66,60,83,76,1
99,92,34,29,0
60,38,47,18,0
93,45,95,40,1
54,72,50,97,1
97,51,7,52,1
17,58,98,35,1
90,25,26,84,0
37,47,3,41,0
48,41,71,71,0
27,79,64,56,0
13,9,31,20,0
61,92,75,60,0
5,99,84,49,1
90,62,31,35,0
75,48,7,12,1
43,35,68,47,1
36,14,60,17,0
9,41,99,93,1
19,19,75,38,0
71,11,56,31,0
69,97,84,33,1
37,88,2,17,0
8,100,89,91,1
46,98,57,95,1
23,41,59,29,0
42,25,86,90,1
77,95,2,17,1
52,54,50,62,0
67,7,65,47,1
55,4,64,41,0
62,36,73,42,0
94,9,72,11,0
99,14,68,20,0
11,73,59,78,0
24,96,9,98,0
35,59,57,94,1
42,9,23,82,0
58,67,99,88,1
55,2,51,73,1
79,49,2,1,0
54,19,33,28,0
98,41,68,58,1
25,98,73,45,0
91,73,19,24,0
26,39,23,12,1
77,5,99,16,0
8,41,40,29,0
25,38,20,54,0
29,27,98,45,1
56,15,48,3,0
95,94,26,48,1
56,51,25,26,0
75,15,11,22,0
74,92,66,15,1
26,15,62,94,0
95,40,53,24,1
11,64,46,61,1
14,58,2,0,0
53,51,12,45,0
39,8,55,83,1
89,10,83,82,1
60,2,35,93,0
41,5,18,31,0
1,16,66,19,0
60,97,4,7,0
26,94,84,37,1
53,20,53,22,1
66,19,94,85,1
14,100,20,3,0
39,51,80,47,0
33,79,41,3,0
42,3,60,4,0
18,52,5,69,0
76,92,67,21,1
1,44,28,11,0
8,14,60,59,0
68,56,17,77,0
0,39,60,60,0
32,16,41,84,0
78,85,91,12,1
95,73,25,16,1
16,18,28,84,1
12,91,51,36,0
13,31,28,32,0
84,38,42,90,0
85,75,66,66,1
34,97,16,41,1
84,18,74,94,0
4,95,49,80,1
25,23,1,18,0
30,20,50,41,1
61,61,44,24,0
73,51,57,27,1
33,69,56,15,0
83,98,65,43,1
23,32,43,62,0
58,84,12,85,0
97,66,33,8,0
54,82,3,69,1
29,58,14,15,0
37,16,44,39,0
70,10,64,23,0
65,24,18,87,1
2,25,93,95,1
76,99,19,72,0
67,6,68,46,0
88,67,21,47,1
87,21,81,81,0
28,96,91,19,1
78,54,25,35,1
51,37,49,66,0
60,59,41,17,0
38,0,9,32,0
85,39,26,93,1
8,7,96,52,1
61,20,97,31,1
20,82,53,50,0
31,44,9,28,0
35,17,51,15,0
74,86,19,26,1
86,35,97,41,1
15,66,39,67,1
80,76,60,29,1
38,15,69,95,0
19,9,96,92,1
34,5,48,32,1
59,54,74,21,0
88,62,97,37,1
13,11,93,77,0
46,30,85,63,0
55,53,7,81,1
98,35,92,93,1
32,81,65,42,1
32,45,10,1,0
62,31,74,63,1
55,85,34,13,0
90,62,71,77,1
48,77,66,85,1
77,13,75,82,0
73,12,15,97,1
74,86,90,77,1
50,91,95,5,1
100,56,58,73,1
4,51,80,95,0
85,3,27,72,1
80,42,12,37,0
3,93,58,32,1
87,44,45,31,1
100,6,41,58,0
81,33,98,20,1
98,70,82,41,1
96,44,99,22,0
11,42,45,78,0
29,40,39,12,0
11,81,51,40,0
81,23,96,48,1
90,62,44,43,0
46,96,20,21,1
14,24,74,39,0
89,82,71,37,1
68,22,50,79,0
25,11,11,91,0
84,51,33,18,0
68,45,50,17,0
13,94,37,78,1
10,41,28,56,0
31,70,19,85,0
3,63,28,88,0
31,28,56,82,0
18,1,37,31,0
78,61,56,53,1
72,24,52,23,0
74,51,80,73,0
49,95,33,90,1
46,33,55,47,1
30,40,69,45,1
88,17,41,89,1
68,74,16,12,0
100,64,90,60,1
13,77,29,92,1
89,82,70,28,1
73,6,58,79,1
75,55,8,21,1
57,71,83,7,0
61,90,18,8,0
8,92,35,72,1
93,3,91,76,1
90,97,17,50,1
57,39,68,89,1
42,29,72,65,0
18,98,69,87,1
0,78,6,91,0
75,15,99,9,0
67,52,93,20,0
31,76,99,97,0
23,3,83,63,0
42,11,12,51,0
87,49,52,48,1
17,43,23,12,0
22,90,55,32,0
23,33,51,25,0
82,81,10,43,1
12,67,32,2,0
7,71,7,87,0
21,0,67,1,1
49,39,3,72,0
8,22,24,81,0
23,68,27,44,1
87,19,76,47,1
56,90,98,22,1
56,3,79,4,0
15,39,37,13,0
23,75,66,21,0
63,24,77,19,0
43,58,84,70,0
100,57,14,85,1
43,31,46,18,0
62,24,51,5,0
61,84,90,96,1
12,66,11,84,0
67,72,73,89,1
50,96,69,82,1
41,17,57,97,1
80,54,51,55,1
62,3,62,13,0
61,78,49,39,1
100,98,36,98,1
7,67,5,24,0
39,75,95,73,1
82,40,94,6,1
6,38,49,24,0
68,6,87,55,0
67,22,65,47,0
5,27,12,58,0
28,91,40,9,0
63,26,73,81,1
5,48,26,88,1
37,0,30,84,0
42,22,49,29,0
51,5,19,18,0
79,85,33,54,1
90,80,39,26,0
83,94,34,52,1
53,52,48,35,0
24,99,62,32,1
80,88,50,5,0
57,16,84,88,1
81,14,14,20,0
62,8,23,68,0
94,32,87,91,1
50,36,68,36,1
72,33,13,97,1
25,11,71,63,1
66,4,60,61,1
29,4,49,23,1
88,8,30,55,0
56,94,18,56,1
5,84,64,98,0
98,26,92,40,1
1,19,43,32,0
44,59,25,82,1
48,19,37,64,1
23,80,24,42,0
56,3,56,8,0
77,67,36,71,1
70,40,7,14,0
52,66,68,2,0
21,92,41,47,1
13,87,29,0,0
72,7,49,98,1
28,97,80,4,0
9,2,83,60,0
82,49,36,87,1
57,95,30,87,1
32,44,81,58,1
19,58,68,46,1
36,81,93,22,0
49,32,20,47,0
55,38,18,5,0
90,69,29,51,1
80,45,26,51,1
53,58,93,57,1
49,59,46,43,1
51,17,92,67,1
27,91,24,72,1
93,84,100,79,1
59,70,97,52,1
39,27,50,18,0
69,83,57,38,0
99,79,52,6,1
43,70,20,84,1
66,55,23,56,1
26,49,72,85,1
95,87,72,98,1
51,73,100,25,1
40,59,31,94,1
62,40,78,97,1
94,80,4,86,1
8,10,2,1,0
6,42,11,40,0
45,25,95,19,0
39,8,46,79,0
74,57,60,43,0
37,38,12,71,1
19,20,53,15,0
79,52,20,71,1
60,89,35,88,1
31,14,84,18,0
12,96,5,17,0
60,48,61,21,0
75,88,46,56,1
23,57,2,62,0
72,44,43,10,0
8,22,17,79,0
50,19,14,85,1
81,41,37,91,0
100,10,45,77,0
63,2,79,75,1
21,46,32,24,0
66,3,62,40,0
6,83,30,89,1
57,55,43,5,0
97,84,58,84,1
70,4,16,79,1
73,2,38,48,1
60,48,49,4,0
34,89,48,42,1
65,100,54,52,1
16,44,92,33,0
62,36,34,10,0
85,10,85,40,0
14,2,16,97,1
9,22,47,8,0
30,99,11,9,1
1,94,43,79,1
74,80,58,80,1
100,85,13,78,1
90,17,25,95,0
23,11,91,11,1
87,29,26,6,0
49,41,80,67,1
25,90,63,77,1
60,36,93,86,1
7,56,23,64,1
22,25,33,18,0
73,24,89,15,0
9,24,23,41,0
29,20,50,81,0
37,76,52,64,1
27,54,32,44,0
67,0,83,87,1
96,20,8,7,1
44,93,7,79,0
55,10,86,97,0
57,1,95,86,1
75,98,46,89,1
86,8,72,33,0
40,57,45,95,0
47,63,38,97,1
69,95,24,29,1
5,88,45,52,0
59,41,51,59,0
59,57,19,18,0
49,53,3,17,0
48,80,19,51,1
55,84,22,19,0
23,27,12,2,0
19,34,43,25,1
50,20,38,70,1
24,62,77,92,1
55,20,62,85,1
13,8,41,90,0
37,18,30,66,0
27,53,62,1,0
80,20,43,80,1
79,54,78,15,1
67,36,43,92,1
88,16,47,72,0
8,2,57,47,0
26,41,88,29,0
40,81,60,100,1
43,73,42,89,1
16,41,100,80,1
29,90,75,78,1
31,62,72,60,0
40,65,12,49,0
79,41,10,67,0
77,93,34,8,1
99,24,98,35,1
46,99,7,60,1
81,0,41,45,0
61,71,18,100,1
40,62,40,77,0
25,82,24,76,0
37,93,7,94,0
67,64,36,31,0
54,89,1,38,1
18,37,3,3,0
97,53,10,47,1
18,57,80,48,0
76,56,97,40,1
35,58,35,25,0
58,36,20,75,1
2,15,6,41,0
47,18,40,92,1
3,80,55,82,1
22,41,78,97,1
36,41,72,96,1
65,7,92,91,1
63,8,8,17,0
66,20,91,30,1
46,45,43,10,0
96,8,63,51,1
67,53,82,50,1
70,11,26,57,1
97,33,29,30,1
87,71,3,6,0
89,28,61,5,1
97,29,19,17,0
41,49,96,81,1
2,65,97,37,1
85,91,89,53,1
5,25,75,4,0
74,62,0,44,0
74,47,65,21,1
19,68,0,80,0
36,34,71,47,0
20,25,96,77,1
25,41,33,50,1
36,57,3,57,0
83,85,65,98,1
23,14,5,49,0
95,26,25,97,1
95,38,88,86,1
75,38,46,59,1
80,29,72,32,1
3,39,1,27,0
42,26,63,92,1
41,58,50,77,0
62,61,71,76,1
85,31,9,78,1
0,3,79,6,0
35,0,38,56,0
72,20,12,6,0
82,24,54,94,0
9,35,53,83,1
98,4,15,38,1
58,26,15,81,0
87,3,60,22,1
11,92,30,58,0
74,88,71,34,1
89,72,61,8,0
19,27,8,50,0
3,4,63,55,0
52,22,1,73,0
84,8,98,35,0
92,61,25,34,1
34,24,30,88,0
0,83,5,72,0
55,71,89,62,1
91,95,6,36,1
76,47,58,60,1
47,84,47,92,1
18,41,94,81,1
22,74,51,47,0
44,98,37,18,0
96,63,86,69,1
55,11,77,32,0
42,45,82,59,1
69,87,21,5,1
80,18,76,43,1
95,20,73,17,0
26,88,50,10,0
14,64,69,5,0
73,0,32,70,0
21,94,29,87,0
42,62,14,41,0
47,70,50,66,1
50,28,73,44,0
88,96,13,28,1
58,19,88,96,1
0,64,13,63,1
9,88,39,30,0
38,26,69,81,1
24,3,2,3,0
26,23,99,87,1
32,57,15,54,0
84,51,1,89,1
43,49,47,26,0
79,75,61,81,1
5,86,62,4,0
44,3,32,89,0
49,96,68,98,1
88,75,79,44,0
87,62,3,48,1
62,97,11,60,1
11,10,31,92,0
80,12,58,48,0
30,77,60,4,1
70,99,90,57,1
52,12,1,87,1
86,99,3,64,1
64,23,59,35,0
49,68,83,92,1
74,15,89,66,1
57,37,20,5,0
42,54,14,87,1
9,25,61,62,1
49,99,95,83,1
98,48,5,38,1
43,87,74,63,1
56,89,14,12,1
16,94,77,72,1
63,46,89,55,1
67,88,47,81,1
53,60,4,35,0
89,54,8,8,1
85,45,60,51,1
31,17,15,3,0
73,23,85,25,1
69,47,71,33,1
84,23,74,52,1
5,29,25,18,0
95,89,50,1,1
65,100,1,14,0
34,74,67,1,1
17,40,31,61,0
24,84,60,61,1
12,22,49,70,0
69,9,18,85,1
65,18,97,8,0
9,72,21,31,0
52,80,46,28,0
52,7,96,55,1
41,99,50,3,1
92,47,50,57,1
28,95,16,61,0
65,52,82,96,1
30,76,66,36,1
9,55,76,3,0
71,10,90,99,1
82,5,47,35,0
59,83,43,38,0
77,41,39,60,1
49,96,88,75,1
87,77,76,84,1
17,60,43,11,0
43,68,66,78,1
32,80,34,34,0
76,65,29,40,0
41,30,72,24,0
39,24,42,66,0
35,33,76,54,0
24,98,78,100,1
98,88,37,24,1
46,91,69,70,1
59,74,66,22,1
92,37,81,31,1
81,43,23,82,0
47,31,50,61,0
72,58,68,43,1
77,9,32,15,0
70,50,0,8,0
32,63,58,70,1
35,65,72,53,1
6,54,80,62,0
60,55,49,40,1
23,15,46,97,0
6,5,8,35,0
68,34,16,100,1
95,87,54,26,1
84,72,7,1,1
79,92,35,36,1
29,28,79,77,1
34,70,45,30,1
70,74,40,97,1
49,26,69,78,1
20,11,73,94,0
34,62,15,12,0
52,28,30,58,0
22,28,35,13,1
85,39,55,74,0
49,57,27,29,1
10,52,91,56,1
94,49,78,96,1
69,97,34,26,0
62,55,67,43,1
63,64,78,49,0
77,26,47,18,0
76,89,87,48,1
51,26,27,40,0
35,31,91,37,0
48,76,60,3,0
72,31,82,89,1
91,2,49,73,1
48,2,62,55,0
54,11,55,32,0
34,46,33,61,1
28,74,82,66,1
25,4,48,46,1
29,11,90,20,1
89,70,6,32,1
32,57,19,37,1
55,35,23,29,0
21,66,8,29,0
79,6,73,83,0
94,22,36,70,1
54,21,30,2,0
25,77,91,9,1
12,34,100,22,0
99,59,70,97,1
22,19,68,23,0
1,41,21,98,1
2,64,64,7,0
21,6,60,19,0
30,77,47,73,0
59,31,58,22,0
91,31,20,81,1
5,8,48,17,1
58,67,62,86,1
70,69,92,51,0
59,82,66,45,0
73,91,95,51,1
67,52,21,64,0
16,4,26,9,0
47,38,14,77,0
48,48,38,47,1
62,25,96,2,1
99,81,96,18,1
75,97,95,17,1
38,50,31,18,1
29,56,32,62,0
91,59,47,26,1
53,6,31,18,0
12,37,47,6,0
49,83,55,9,0
45,65,70,61,1
61,8,45,42,1
64,21,1,12,0
91,71,34,7,1
27,80,66,47,1
51,42,78,58,1
41,36,47,6,0
74,15,56,97,1
97,65,4,85,1
93,95,72,64,1
19,48,42,84,0
93,92,81,34,1
97,25,11,78,1
50,28,5,5,0
17,24,53,72,1
19,54,70,72,1
26,0,8,20,0
33,93,61,100,1
59,21,86,63,1
85,58,43,78,1
47,60,33,73,1
94,42,80,85,1
19,85,87,91,1
87,35,76,99,1
28,2,55,61,0
65,38,63,92,0
6,75,38,32,1
18,71,28,100,1
31,59,19,12,0
64,46,52,95,1
72,42,38,10,1
79,61,84,8,0
7,55,51,55,1
60,3,42,47,1
30,62,62,50,0
51,55,30,36,1
21,43,20,76,0
48,10,12,10,0
94,1,19,69,0
11,89,82,19,0
0,60,22,4,0
46,86,87,89,1
73,11,5,21,0
42,12,4,74,1
5,78,0,24,0
50,62,13,34,0
78,67,9,78,1
8,59,77,33,1
99,89,65,12,1
28,88,36,4,0
43,85,20,88,1
57,45,65,39,1
90,51,53,30,0
39,85,41,26,1
19,90,19,4,1
75,15,18,13,0
16,19,92,9,0
42,88,40,74,1
61,55,52,15,0
85,85,70,93,1
90,26,60,83,1
20,50,24,44,1
4,32,49,23,0
59,84,50,100,1
41,57,17,41,0
90,54,84,40,0
96,72,89,23,1
100,21,32,53,1
42,18,5,17,0
77,63,35,25,0
53,4,98,1,0
91,43,78,47,1
13,61,98,64,1
18,42,87,84,0
95,64,35,67,1
67,75,78,78,1
98,93,5,58,0
75,70,37,68,0
58,5,36,42,1
75,80,8,60,0
53,59,77,73,1
40,75,28,57,1
83,4,29,85,0
32,50,33,0,0
5,28,57,30,0
55,6,9,35,0
69,53,2,64,0
93,98,81,100,1
76,84,6,63,0
27,68,84,70,1
14,30,49,71,0
22,69,83,25,1
54,10,42,82,1
61,2,12,16,0
93,33,21,84,1
32,53,20,54,1
20,46,12,97,0
39,69,88,70,1
9,19,15,0,0
8,99,98,97,0
22,14,97,57,1
64,98,99,68,1
15,61,85,78,1
10,45,100,11,0
49,24,69,32,0
79,98,11,8,1
43,20,66,88,1
61,96,80,44,1
49,96,55,13,0
99,51,27,21,1
81,61,99,75,1
8,95,29,84,0
99,63,71,98,1
41,82,47,25,0
4,57,24,0,0
2,85,47,83,1
95,0,40,59,1
12,76,66,71,0
75,17,60,63,1
70,92,97,43,1
4,100,81,40,1
68,54,37,4,0
7,38,85,17,0
48,19,35,43,0
9,67,46,9,0
94,38,52,2,1
36,41,23,91,1
17,67,77,76,0
46,14,12,33,0
40,15,23,73,1
10,29,6,35,0
97,70,96,69,1
10,91,70,73,0
69,38,70,84,1
51,96,5,39,0
53,11,84,42,1
6,17,8,12,0
75,0,13,61,1
46,51,69,13,1
75,71,31,10,1
23,83,72,89,0
80,2,60,27,0
16,21,94,87,1
52,0,87,66,0
73,93,99,24,1
30,7,55,27,0
49,24,67,37,1
51,75,52,74,1
31,78,15,90,1
82,77,63,0,0
51,75,24,95,1
16,73,23,82,0
85,31,16,91,1
31,95,5,93,1
50,17,27,35,0
73,0,83,26,0
89,1,52,13,0
57,18,18,92,0
15,47,41,52,0
66,87,35,56,1
81,18,26,49,0
85,84,31,62,1
35,55,6,32,1
59,20,7,100,0
7,95,58,67,1
52,14,36,18,0
22,54,98,1,0
97,67,8,75,1
38,82,28,57,1
35,61,49,34,1
28,56,17,2,0
82,62,49,28,0
70,65,82,18,1
92,47,66,32,1
34,84,66,39,0
2,8,72,13,0
36,32,31,96,0
71,78,73,67,0
80,63,67,0,1
2,41,98,88,0
53,72,43,0,0
23,13,93,39,0
54,32,89,34,0
80,51,85,77,1
45,12,48,60,0
31,41,5,43,0
97,30,68,42,1
55,71,2,88,1
72,17,29,52,0
26,59,52,68,0
9,13,87,70,0
17,28,94,27,1
12,4,32,1,0
52,15,35,82,0
57,26,11,43,0
78,15,11,32,0
68,95,80,97,1
60,88,35,69,1
96,89,93,0,0
62,27,52,42,1
64,74,29,73,1
54,89,44,45,0
71,89,21,3,0
80,73,2,85,1
22,20,29,94,1
22,25,26,25,0
58,7,84,57,1
17,4,15,92,0
26,46,80,96,0
38,87,55,19,0
20,60,48,0,0
4,68,22,87,0
53,13,10,97,1
9,19,53,13,0
89,21,34,91,1
71,86,67,75,1
74,42,57,20,0
76,68,84,72,1
57,54,22,78,0
56,35,40,33,0
93,98,2,25,1
48,98,68,59,0
74,14,88,16,0
29,94,89,68,0
14,71,61,50,0
74,91,94,17,1
23,68,29,16,0
6,65,77,69,0
30,68,70,10,1
68,11,33,33,0
17,22,5,54,0
26,17,28,89,0
66,18,79,56,1
92,81,69,10,1
41,58,21,87,1
43,3,4,97,1
3,99,85,88,1
92,3,10,41,1
95,81,74,10,1
24,61,12,56,0
68,82,47,7,0
95,77,3,92,1
45,40,48,86,1
64,82,37,96,1
20,10,69,18,0
73,69,61,36,1
98,9,19,22,0
36,64,79,100,1
48,60,5,64,0
3,5,76,6,1
33,31,48,44,0
11,46,92,66,1
19,51,48,72,1
52,19,34,65,1
41,47,84,6,0
21,100,73,48,1
70,91,5,80,1
52,26,30,52,0
78,71,58,79,1
2,98,79,99,1
67,23,16,8,1
6,15,50,32,0
15,71,67,94,1
80,93,33,82,1
60,63,31,66,1
91,97,24,67,1
51,34,31,19,0
18,89,51,79,1
92,21,66,73,1
85,93,39,52,1
2,31,53,96,0
47,92,92,67,1
13,39,99,32,1
5,49,37,80,0
45,96,47,96,1
5,23,51,100,1
86,47,43,69,1
37,24,93,2,0
60,48,39,52,0
37,65,73,67,1
2,98,28,93,1
30,71,89,64,1
35,42,92,17,0
89,7,86,88,1
37,87,81,7,0
37,30,26,27,0
97,45,24,67,1
40,90,15,50,0
18,13,11,12,0
58,67,59,92,0
15,69,6,77,0
30,75,11,80,0
63,27,17,51,0
28,5,52,4,0
10,96,78,97,1
97,41,49,12,1
64,52,99,70,1
67,1,1,23,0
3,3,75,13,0
53,14,70,16,0
67,1,31,88,1
60,81,89,63,1
36,76,15,92,0
0,79,87,27,1
78,44,17,7,1
77,9,15,67,0
73,36,13,69,1
29,50,67,61,1
3,75,17,96,0
24,21,92,20,0
77,77,64,18,1
57,35,42,43,0
11,32,4,89,0
93,37,16,66,1
95,5,46,80,1
43,30,63,50,0
95,5,66,88,1
95,16,54,99,0
5,24,7,66,0
46,49,50,77,1
97,3,49,19,0
9,41,95,27,1
22,98,27,32,0
45,6,55,65,0
55,73,13,62,0
62,54,97,71,1
18,79,26,67,0
37,95,5,14,0
70,0,67,57,0
43,38,30,61,0
70,94,67,17,1
27,29,82,47,0
15,6,13,85,0
88,88,2,77,0
64,47,72,74,1
37,36,73,23,0
91,57,32,74,0
51,96,76,90,1
80,53,98,79,1
48,99,84,37,1
82,77,97,76,1
86,86,97,58,1
66,37,18,68,0
74,49,81,72,1
42,72,13,37,1
64,39,72,79,1
24,22,24,13,0
99,28,37,99,1
55,51,72,71,0
7,52,79,89,1
71,60,19,50,0
58,97,53,3,0
22,95,27,39,0
92,29,66,77,1
85,84,77,46,1
66,17,84,71,0
36,0,44,52,0
15,18,88,72,0
43,3,70,100,1
75,97,45,69,1
55,84,34,11,0
48,73,48,44,1
9,27,1,71,0
54,12,86,87,0
98,24,67,40,1
96,15,32,24,0
51,69,19,30,0
98,39,65,34,1
5,3,21,61,0
0,0,85,65,0
50,49,8,7,0
97,49,64,25,1
85,24,78,42,0
3,6,8,48,0
78,82,35,10,1
77,9,94,41,1
52,99,22,80,1
74,56,82,52,1
6,93,47,28,0
34,2,63,56,0
36,50,20,7,0
57,17,92,51,0
52,85,16,76,1
2,71,11,95,0
92,80,60,49,0
20,72,89,77,1
99,33,2,50,0
86,68,33,8,0
25,25,58,29,1
16,40,45,91,0
25,44,51,13,0
10,59,1,26,0
21,86,13,10,0
0,48,14,28,0
30,65,85,40,1
63,69,73,44,1
24,27,57,9,0
69,37,39,33,0
92,21,74,41,1
50,37,65,5,0
12,55,35,36,0
30,57,26,87,1
13,50,60,68,1
18,59,94,63,1
21,23,9,1,0
81,11,62,75,1
23,13,80,24,0
53,21,73,69,1
62,100,93,87,1
29,97,54,29,0
69,31,14,65,1
87,40,52,3,1
73,96,57,94,1
100,89,75,69,1
54,51,87,15,1
89,7,51,63,1
51,66,99,18,0
1,46,97,0,0
18,10,84,21,0
80,44,41,86,1
50,86,84,46,1
42,69,57,13,0
51,72,19,93,1
83,98,22,9,0
17,41,72,50,0
96,76,5,71,1
98,87,34,30,1
77,69,36,100,1
2,20,16,4,0
4,77,88,93,1
69,55,92,76,1
32,64,37,82,1
77,43,94,78,1
80,8,82,10,1
57,80,69,64,1
96,4,88,83,1
45,22,30,69,0
49,61,25,69,0
84,23,3,78,0
48,99,9,78,1
80,84,59,63,1
63,49,69,19,0
73,55,64,63,1
19,16,40,66,0
63,95,4,82,1
87,67,0,51,0
87,80,30,47,1
34,3,84,46,0
49,48,93,79,1
58,72,4,3,0
21,35,69,22,0
43,47,34,32,1
67,50,58,75,1
17,45,78,37,1
31,81,17,87,1
73,34,50,28,0
24,69,73,13,1
21,33,10,87,0
41,23,68,97,1
61,22,43,49,1
73,21,51,75,1
88,28,43,67,1
87,47,13,28,0
64,13,71,90,1
46,3,82,62,0
49,71,41,2,0
96,62,98,87,1
33,28,0,24,0
79,15,86,65,0
9,14,61,76,0
6,25,66,90,1
30,34,4,11,0
26,50,39,11,0
58,13,41,41,1
27,93,22,46,0
27,53,60,93,0
67,12,30,54,0
40,5,2,79,0
19,89,82,13,1
98,11,4,99,1
58,49,78,67,0
15,89,75,67,1
7,77,93,16,0
0,34,46,16,0
65,67,71,98,1
20,17,42,71,0
99,54,53,7,0
98,74,64,53,1
57,68,56,35,1
21,17,63,90,1
43,94,85,35,1
43,93,75,54,0
40,100,91,78,1
64,16,38,78,0
10,88,54,42,1
0,5,5,19,0
47,81,29,75,1
29,9,30,16,0
14,41,40,8,0
41,43,61,4,0
81,81,54,71,1
87,12,36,38,1
66,67,78,49,1
79,91,62,18,1
88,28,54,57,0
100,56,92,37,1
19,95,0,16,0
65,94,90,21,0
36,26,8,67,0
22,90,69,13,0
24,8,16,25,0
82,0,80,39,0
7,48,94,1,0
66,31,53,33,0
26,91,70,59,1
68,21,98,60,1
90,11,85,58,1
23,44,61,59,1
95,46,71,80,1
17,48,19,73,0
41,18,79,11,0
99,85,94,58,1
84,70,30,93,1
6,70,23,91,0
15,82,60,22,1
87,27,25,56,0
93,27,72,83,1
23,3,41,23,0
73,72,78,27,1
21,12,93,54,0
84,74,9,81,1
70,70,18,30,0
41,83,46,89,0
73,69,26,40,0
39,34,53,15,0
82,59,94,95,1
28,20,50,37,0
2,73,42,33,0
73,99,63,78,1
14,23,57,77,0
74,56,0,23,0
56,8,20,7,0
85,76,59,97,1
63,92,14,27,0
41,17,74,71,0
66,31,16,19,1
86,96,12,17,0
50,93,92,6,1
22,4,5,33,0
62,77,87,59,1
64,72,56,44,1
88,94,92,90,1
85,65,45,23,1
68,50,7,96,0
98,5,25,2,0
38,30,49,82,1
73,73,41,14,1
44,20,26,93,0
11,2,99,19,0
21,99,93,75,1
84,3,11,38,0
35,83,94,65,1
78,25,0,73,0
60,10,26,87,0
11,77,14,18,0
81,19,93,19,1
20,15,87,89,0
52,59,96,84,1
14,77,98,95,1
14,14,48,51,1
23,5,15,79,0
57,17,92,43,0
67,97,56,31,1
79,95,93,27,1
73,24,55,48,1
68,1,84,22,0
85,38,99,66,1
97,100,36,22,1
36,2,71,87,1
67,17,43,1,0
41,17,19,76,0
16,2,75,24,0
46,44,92,48,0
8,94,94,83,1
27,91,85,72,1
16,99,88,74,1
2,99,12,29,0
15,18,35,24,0
45,70,41,69,1
39,97,16,27,0
33,9,95,99,1
18,61,6,54,1
78,20,61,29,0
35,7,21,76,0
56,92,92,10,1
75,2,52,29,1
36,67,83,13,1
33,20,87,80,0
28,89,90,36,1
7,15,2,78,0
51,63,72,98,1
47,54,100,39,1
47,56,75,86,1
44,47,36,54,0
31,32,61,13,1
32,59,55,0,1
71,7,98,15,0
65,15,4,26,1
94,52,70,29,1
51,35,97,11,0
54,66,5,69,1
12,93,85,46,1
18,75,3,92,1
43,90,7,59,1
65,5,52,57,1
6,59,91,29,1
6,36,46,67,0
62,38,25,51,1
90,25,3,2,0
23,44,68,67,0
57,54,90,54,1
63,3,26,15,0
42,25,85,99,1
51,20,56,32,0
50,55,19,10,0
8,67,30,17,0
60,2,4,7,0
51,53,54,12,1
42,80,75,3,0
14,6,57,75,0
59,15,32,4,1
83,33,74,30,1
70,8,91,72,0
90,80,89,34,1
40,31,85,90,1
100,22,5,32,0
64,4,75,38,0
76,63,50,100,1
63,81,28,82,1
59,75,56,87,1
53,48,77,71,1
13,52,48,12,0
62,36,6,62,0
34,31,29,22,0
55,23,26,94,0
65,85,75,76,1
72,14,78,57,0
8,91,33,21,0
84,17,3,27,0
65,58,69,21,1
52,7,20,84,0
3,80,84,80,1
69,10,30,47,0
96,78,73,65,1
99,74,57,18,0
10,56,2,93,0
64,80,75,37,0
65,3,9,69,0
33,38,68,17,1
15,57,45,66,0
29,73,56,64,1
1,69,22,7,0
33,69,5,53,0
60,85,11,23,0
48,72,10,38,0
11,97,82,85,1
20,65,63,86,0
34,21,76,85,1
64,19,59,92,0
74,85,61,85,1
34,5,75,45,1
15,33,11,74,0
45,54,5,63,0
82,31,22,62,1
88,70,71,28,1
48,45,13,99,0
74,84,85,82,1
37,81,5,77,0
89,81,36,78,1
69,31,92,33,0
54,3,34,57,0
19,8,56,1,0
43,13,49,18,0
45,74,97,31,0
52,35,69,69,1
64,73,99,28,1
51,68,89,64,1
5,55,17,33,0
19,96,67,56,1
8,54,2,79,0
11,38,9,27,0
14,75,96,92,1
84,96,76,81,1
26,91,52,13,1
60,92,52,0,1
31,5,32,41,0
12,51,42,99,0
2,21,46,35,0
63,18,33,15,0
54,40,83,4,0
89,37,35,3,0
53,51,8,60,0
61,95,8,98,1
89,33,76,68,1
69,80,5,69,1
93,0,51,59,0
18,12,34,10,0
52,66,13,100,1
41,79,23,50,0
33,69,54,78,1
79,31,89,74,1
79,70,56,39,0
48,72,39,88,0
11,41,43,75,1
40,84,6,14,1
17,92,76,86,1
87,99,61,46,1
48,88,5,44,1
60,10,54,87,0
29,76,68,96,1
50,26,53,40,1
90,82,16,12,0
33,41,47,76,1
62,0,6,3,0
83,73,38,17,1
74,32,22,6,0
48,48,87,35,0
94,71,78,55,1
52,6,41,55,0
1,39,40,54,0
62,96,56,43,1
3,73,57,100,0
98,40,28,24,0
77,3,54,16,0
100,47,33,51,0
100,16,81,23,0
43,89,37,6,1
80,42,77,77,1
6,1,88,86,0
23,15,22,19,0
97,57,54,61,1
60,39,51,17,0
78,8,49,3,1
22,35,90,12,1
64,32,68,66,1
7,0,97,68,1
60,75,66,50,1
63,71,16,25,0
22,73,76,45,1
100,1,34,57,1
91,52,33,21,0
54,9,18,93,1
21,6,26,67,0
94,97,61,43,1
44,89,75,93,1
96,68,6,59,1
81,21,47,33,0
22,39,16,15,0
88,96,29,64,1
32,46,96,34,1
86,54,32,39,0
36,83,59,43,0
25,9,14,17,0
19,91,57,36,0
78,97,94,93,1
87,79,93,10,1
99,50,97,26,1
37,82,82,86,1
62,21,3,24,0
71,68,48,87,1
9,60,45,91,1
69,7,8,77,0
31,5,32,42,0
24,4,49,77,0
29,41,92,69,1
18,34,79,29,0
29,39,1,4,0
89,100,81,94,1
8,91,50,56,1
36,65,8,54,0
22,35,32,32,0
46,33,33,54,1
68,26,68,46,0
60,77,79,27,1
100,70,13,1,0
83,96,92,85,1
82,76,15,18,0
64,65,84,32,0
94,49,79,72,1
75,67,65,99,1
97,88,76,7,1
40,61,74,89,1
61,13,35,57,0
32,48,29,4,0
93,76,69,95,1
90,32,22,34,1
26,71,83,28,0
20,66,30,30,0
13,19,14,82,0
63,3,50,20,0
72,26,22,66,0
6,91,73,71,0
21,18,15,5,0
1,23,29,22,0
2,8,88,66,0
55,48,14,5,0
65,80,76,85,1
86,61,91,49,1
70,10,37,24,0
11,36,7,92,0
70,37,40,83,1
10,75,65,96,1
61,35,53,100,1
70,82,17,24,1
52,75,40,86,0
4,0,25,93,0
2,58,96,51,0
0,47,35,42,0
75,48,56,9,1
88,5,55,55,0
85,49,54,34,1
1,82,50,47,1
11,90,11,90,0
28,36,0,57,0
12,51,78,75,1
79,60,5,66,0
47,98,71,97,1
53,70,25,37,0
48,68,92,72,1
51,20,49,77,1
1,67,29,69,0
71,66,81,72,1
67,87,84,82,1
78,9,46,3,0
75,54,23,46,1
9,72,58,48,1
76,30,16,2,0
16,55,89,97,0
58,80,66,73,1
23,48,1,38,0
70,0,97,73,1
17,9,100,59,1
65,40,15,58,0
37,90,11,85,0
62,37,49,77,1
9,12,69,86,0
82,70,18,35,1
91,75,51,17,1
22,20,18,77,0
42,65,75,9,0
90,33,92,93,1
16,13,70,44,0
47,62,5,40,0
64,16,0,73,1
46,63,0,90,0
93,6,8,80,1
90,43,52,35,0
58,21,27,17,0
60,22,64,20,0
78,41,92,100,1
7,11,62,66,0
66,23,20,88,1
57,30,11,17,0
9,49,69,98,1
61,8,7,100,1
71,82,89,96,1
11,14,73,47,0
78,22,59,13,0
84,11,40,23,0
95,5,95,46,1
56,6,72,17,1
4,59,9,55,0
87,1,0,61,0
89,83,11,64,1
39,71,91,41,1
29,82,18,72,0
52,75,71,73,1
52,44,16,76,1
60,98,14,52,0
11,79,92,65,0
60,25,39,68,1
98,92,99,9,1
42,5,19,45,0
84,78,51,28,1
8,59,37,27,0
100,93,46,56,1
97,30,43,19,1
7,51,34,69,0
95,54,57,24,1
28,91,32,38,0
64,24,70,38,0
40,29,48,80,0
38,51,17,69,1
42,6,57,56,0
90,6,50,46,1
42,45,10,46,0
20,26,72,23,0
1,76,4,69,0
98,41,13,5,0
89,39,93,3,0
76,13,29,12,0
12,59,99,64,0
12,76,87,2,1
37,90,56,87,1
87,89,22,21,0
51,91,79,47,0
40,34,89,10,0
0,10,85,17,0
40,100,72,45,0
7,1,20,53,0
89,6,10,40,1
27,92,23,44,0
83,87,87,75,1
81,79,43,4,1
5,63,12,97,0
24,16,59,76,0
45,90,95,75,1
82,3,29,85,0
8,6,1,50,0
86,79,27,38,0
1,26,88,74,1
35,44,16,4,0
54,5,64,78,0
97,36,8,9,0
80,78,12,28,0
43,78,78,22,0
45,44,97,96,1
47,87,72,43,1
46,49,9,4,1
62,72,73,1,0
50,73,54,70,1
69,49,91,56,1
5,99,89,30,0
64,34,88,87,1
27,84,24,72,0
39,74,89,47,0
2,0,50,62,0
97,20,42,41,1
20,81,44,1,1
27,48,40,32,1
50,23,36,13,0
32,23,74,7,0
84,73,89,99,1
28,39,42,12,1
94,100,4,73,1
53,86,5,45,1
81,97,69,71,1
65,32,31,1,0
14,11,49,50,0
17,78,0,36,0
42,58,42,96,0
72,71,69,57,1
72,23,11,21,0
75,98,54,39,1
5,29,30,53,0
22,1,88,18,0
45,66,23,9,0
59,3,88,76,1
56,14,11,44,0
28,91,96,70,1
24,55,89,21,1
77,92,84,21,1
67,100,15,66,1
62,92,0,87,1
12,55,13,98,1
55,27,68,47,1
70,10,93,75,0
72,95,59,88,0
21,90,88,12,1
66,5,90,6,0
98,43,30,61,1
89,77,27,8,0
48,77,19,65,0
61,22,65,35,1
39,6,84,12,0
17,21,92,96,1
0,6,22,70,0
37,68,16,80,0
29,17,84,19,1
11,35,35,62,0
83,27,93,16,0
67,95,14,8,0
46,73,77,90,1
1,86,16,94,0
1,16,4,81,0
6,35,91,89,1
16,16,91,56,0
16,89,13,31,0
24,5,99,97,1
11,53,42,6,0
50,25,0,87,0
7,44,91,76,1
56,58,58,45,1
74,12,78,68,1
98,9,87,2,0
76,11,53,87,0
87,95,9,60,1
77,5,20,74,0
67,27,15,100,1
31,94,69,35,1
49,50,20,19,0
25,15,53,62,1
7,46,51,71,0
53,50,58,96,0
5,49,29,89,0
19,10,73,65,0
46,46,7,38,0
99,97,100,32,1
4,56,55,50,0
87,39,77,98,1
28,72,53,44,1
82,77,48,21,1
16,21,49,17,0
15,11,37,18,0
100,52,85,17,0
94,43,83,71,1
34,86,19,12,0
65,81,5,68,0
76,87,79,12,1
52,18,81,30,0
91,10,84,76,1
48,33,28,25,0
30,17,92,36,0
23,46,85,7,0
30,28,31,33,0
4,88,30,9,1
46,85,67,63,1
47,92,34,47,0
99,93,49,88,1
34,63,42,58,1
91,92,34,92,1
81,42,25,46,0
55,47,72,60,0
34,50,49,93,1
64,48,8,55,1
35,16,10,22,0
47,2,68,89,0
73,42,79,39,1
43,23,97,51,0
41,100,47,73,1
38,57,23,14,0
30,1,58,35,0
47,99,91,75,0
34,23,49,15,0
36,6,85,33,0
74,25,31,20,0
14,38,99,40,0
27,91,7,57,0
28,84,98,58,1
87,2,3,68,0
93,15,63,67,0
21,18,15,10,0
70,57,11,71,1
20,26,46,84,1
22,55,64,58,1
87,83,86,63,1
63,24,82,20,0
86,3,88,67,1
43,94,18,28,0
59,57,16,73,1
87,41,52,24,1
0,14,35,7,0
5,97,80,89,1
19,56,68,8,1
47,41,83,66,1
5,4,3,19,0
87,22,93,16,1
23,40,59,84,0
24,15,54,3,0
29,73,88,15,0
27,97,50,67,0
88,11,63,21,0
25,15,25,48,0
44,90,19,66,0
22,92,3,76,0
73,92,80,62,1
44,16,92,47,0
45,84,87,27,0
18,21,19,81,0
56,29,89,78,1
66,77,77,22,1
46,60,88,88,1
100,28,100,45,1
29,54,54,11,0
4,60,50,11,0
